skill_id,skill_name,skill_type,description
1,Project Management,Soft Skill,Ability to lead and manage projects effectively.
2,Graphic Design,Creative,"Skills in Adobe Photoshop, Illustrator, and digital art."
3,Financial Analysis,Analytical,Ability to assess financial statements and budgets.
4,Python Programming,Technical,Proficiency in Python for software development.
5,Project Management,Soft Skill,Ability to lead and manage projects effectively.
6,Financial Analysis,Analytical,Ability to assess financial statements and budgets.
7,Marketing Strategy,Business,Expertise in brand development and digital marketing.
8,Project Management,Soft Skill,Ability to lead and manage projects effectively.
9,Marketing Strategy,Business,Expertise in brand development and digital marketing.
10,Graphic Design,Creative,"Skills in Adobe Photoshop, Illustrator, and digital art."
11,Python Programming,Technical,Proficiency in Python for software development.
12,Project Management,Soft Skill,Ability to lead and manage projects effectively.
13,Financial Analysis,Analytical,Ability to assess financial statements and budgets.
14,Graphic Design,Creative,"Skills in Adobe Photoshop, Illustrator, and digital art."
15,Marketing Strategy,Business,Expertise in brand development and digital marketing.
16,Project Management,Soft Skill,Ability to lead and manage projects effectively.
17,Project Management,Soft Skill,Ability to lead and manage projects effectively.
18,Python Programming,Technical,Proficiency in Python for software development.
19,Python Programming,Technical,Proficiency in Python for software development.
20,Graphic Design,Creative,"Skills in Adobe Photoshop, Illustrator, and digital art."
21,Python Programming,Technical,Proficiency in Python for software development.
22,Project Management,Soft Skill,Ability to lead and manage projects effectively.
23,Graphic Design,Creative,"Skills in Adobe Photoshop, Illustrator, and digital art."
24,Project Management,Soft Skill,Ability to lead and manage projects effectively.
25,Marketing Strategy,Business,Expertise in brand development and digital marketing.
26,Marketing Strategy,Business,Expertise in brand development and digital marketing.
27,Python Programming,Technical,Proficiency in Python for software development.
28,Python Programming,Technical,Proficiency in Python for software development.
29,Project Management,Soft Skill,Ability to lead and manage projects effectively.
30,Marketing Strategy,Business,Expertise in brand development and digital marketing.
31,Project Management,Soft Skill,Ability to lead and manage projects effectively.
32,Graphic Design,Creative,"Skills in Adobe Photoshop, Illustrator, and digital art."
33,Project Management,Soft Skill,Ability to lead and manage projects effectively.
34,Project Management,Soft Skill,Ability to lead and manage projects effectively.
35,Marketing Strategy,Business,Expertise in brand development and digital marketing.
36,Marketing Strategy,Business,Expertise in brand development and digital marketing.
37,Project Management,Soft Skill,Ability to lead and manage projects effectively.
38,Project Management,Soft Skill,Ability to lead and manage projects effectively.
39,Project Management,Soft Skill,Ability to lead and manage projects effectively.
40,Marketing Strategy,Business,Expertise in brand development and digital marketing.
41,Financial Analysis,Analytical,Ability to assess financial statements and budgets.
42,Marketing Strategy,Business,Expertise in brand development and digital marketing.
43,Project Management,Soft Skill,Ability to lead and manage projects effectively.
44,Marketing Strategy,Business,Expertise in brand development and digital marketing.
45,Marketing Strategy,Business,Expertise in brand development and digital marketing.
46,Graphic Design,Creative,"Skills in Adobe Photoshop, Illustrator, and digital art."
47,Graphic Design,Creative,"Skills in Adobe Photoshop, Illustrator, and digital art."
48,Financial Analysis,Analytical,Ability to assess financial statements and budgets.
49,Python Programming,Technical,Proficiency in Python for software development.
50,Python Programming,Technical,Proficiency in Python for software development.
51,Marketing Strategy,Business,Expertise in brand development and digital marketing.
52,Project Management,Soft Skill,Ability to lead and manage projects effectively.
53,Python Programming,Technical,Proficiency in Python for software development.
54,Graphic Design,Creative,"Skills in Adobe Photoshop, Illustrator, and digital art."
55,Financial Analysis,Analytical,Ability to assess financial statements and budgets.
56,Project Management,Soft Skill,Ability to lead and manage projects effectively.
57,Marketing Strategy,Business,Expertise in brand development and digital marketing.
58,Marketing Strategy,Business,Expertise in brand development and digital marketing.
59,Marketing Strategy,Business,Expertise in brand development and digital marketing.
60,Graphic Design,Creative,"Skills in Adobe Photoshop, Illustrator, and digital art."
61,Project Management,Soft Skill,Ability to lead and manage projects effectively.
62,Financial Analysis,Analytical,Ability to assess financial statements and budgets.
63,Python Programming,Technical,Proficiency in Python for software development.
64,Marketing Strategy,Business,Expertise in brand development and digital marketing.
65,Financial Analysis,Analytical,Ability to assess financial statements and budgets.
66,Graphic Design,Creative,"Skills in Adobe Photoshop, Illustrator, and digital art."
67,Graphic Design,Creative,"Skills in Adobe Photoshop, Illustrator, and digital art."
68,Graphic Design,Creative,"Skills in Adobe Photoshop, Illustrator, and digital art."
69,Graphic Design,Creative,"Skills in Adobe Photoshop, Illustrator, and digital art."
70,Marketing Strategy,Business,Expertise in brand development and digital marketing.
71,Marketing Strategy,Business,Expertise in brand development and digital marketing.
72,Marketing Strategy,Business,Expertise in brand development and digital marketing.
73,Project Management,Soft Skill,Ability to lead and manage projects effectively.
74,Financial Analysis,Analytical,Ability to assess financial statements and budgets.
75,Project Management,Soft Skill,Ability to lead and manage projects effectively.
76,Python Programming,Technical,Proficiency in Python for software development.
77,Python Programming,Technical,Proficiency in Python for software development.
78,Python Programming,Technical,Proficiency in Python for software development.
79,Marketing Strategy,Business,Expertise in brand development and digital marketing.
80,Python Programming,Technical,Proficiency in Python for software development.
81,Project Management,Soft Skill,Ability to lead and manage projects effectively.
82,Project Management,Soft Skill,Ability to lead and manage projects effectively.
83,Financial Analysis,Analytical,Ability to assess financial statements and budgets.
84,Project Management,Soft Skill,Ability to lead and manage projects effectively.
85,Financial Analysis,Analytical,Ability to assess financial statements and budgets.
86,Project Management,Soft Skill,Ability to lead and manage projects effectively.
87,Graphic Design,Creative,"Skills in Adobe Photoshop, Illustrator, and digital art."
88,Graphic Design,Creative,"Skills in Adobe Photoshop, Illustrator, and digital art."
89,Graphic Design,Creative,"Skills in Adobe Photoshop, Illustrator, and digital art."
90,Marketing Strategy,Business,Expertise in brand development and digital marketing.
91,Project Management,Soft Skill,Ability to lead and manage projects effectively.
92,Graphic Design,Creative,"Skills in Adobe Photoshop, Illustrator, and digital art."
93,Marketing Strategy,Business,Expertise in brand development and digital marketing.
94,Graphic Design,Creative,"Skills in Adobe Photoshop, Illustrator, and digital art."
95,Graphic Design,Creative,"Skills in Adobe Photoshop, Illustrator, and digital art."
96,Python Programming,Technical,Proficiency in Python for software development.
97,Python Programming,Technical,Proficiency in Python for software development.
98,Financial Analysis,Analytical,Ability to assess financial statements and budgets.
99,Financial Analysis,Analytical,Ability to assess financial statements and budgets.
100,Marketing Strategy,Business,Expertise in brand development and digital marketing.
101,Python Programming,Technical,Proficiency in Python for software development.
102,Marketing Strategy,Business,Expertise in brand development and digital marketing.
103,Python Programming,Technical,Proficiency in Python for software development.
104,Python Programming,Technical,Proficiency in Python for software development.
105,Python Programming,Technical,Proficiency in Python for software development.
106,Marketing Strategy,Business,Expertise in brand development and digital marketing.
107,Python Programming,Technical,Proficiency in Python for software development.
108,Graphic Design,Creative,"Skills in Adobe Photoshop, Illustrator, and digital art."
109,Graphic Design,Creative,"Skills in Adobe Photoshop, Illustrator, and digital art."
110,Python Programming,Technical,Proficiency in Python for software development.
111,Marketing Strategy,Business,Expertise in brand development and digital marketing.
112,Marketing Strategy,Business,Expertise in brand development and digital marketing.
113,Graphic Design,Creative,"Skills in Adobe Photoshop, Illustrator, and digital art."
114,Financial Analysis,Analytical,Ability to assess financial statements and budgets.
115,Python Programming,Technical,Proficiency in Python for software development.
116,Financial Analysis,Analytical,Ability to assess financial statements and budgets.
117,Python Programming,Technical,Proficiency in Python for software development.
118,Python Programming,Technical,Proficiency in Python for software development.
119,Graphic Design,Creative,"Skills in Adobe Photoshop, Illustrator, and digital art."
120,Marketing Strategy,Business,Expertise in brand development and digital marketing.
121,Financial Analysis,Analytical,Ability to assess financial statements and budgets.
122,Marketing Strategy,Business,Expertise in brand development and digital marketing.
123,Python Programming,Technical,Proficiency in Python for software development.
124,Financial Analysis,Analytical,Ability to assess financial statements and budgets.
125,Financial Analysis,Analytical,Ability to assess financial statements and budgets.
126,Python Programming,Technical,Proficiency in Python for software development.
127,Financial Analysis,Analytical,Ability to assess financial statements and budgets.
128,Project Management,Soft Skill,Ability to lead and manage projects effectively.
129,Python Programming,Technical,Proficiency in Python for software development.
130,Project Management,Soft Skill,Ability to lead and manage projects effectively.
131,Python Programming,Technical,Proficiency in Python for software development.
132,Project Management,Soft Skill,Ability to lead and manage projects effectively.
133,Python Programming,Technical,Proficiency in Python for software development.
134,Project Management,Soft Skill,Ability to lead and manage projects effectively.
135,Python Programming,Technical,Proficiency in Python for software development.
136,Graphic Design,Creative,"Skills in Adobe Photoshop, Illustrator, and digital art."
137,Marketing Strategy,Business,Expertise in brand development and digital marketing.
138,Python Programming,Technical,Proficiency in Python for software development.
139,Project Management,Soft Skill,Ability to lead and manage projects effectively.
140,Graphic Design,Creative,"Skills in Adobe Photoshop, Illustrator, and digital art."
141,Financial Analysis,Analytical,Ability to assess financial statements and budgets.
142,Python Programming,Technical,Proficiency in Python for software development.
143,Graphic Design,Creative,"Skills in Adobe Photoshop, Illustrator, and digital art."
144,Python Programming,Technical,Proficiency in Python for software development.
145,Project Management,Soft Skill,Ability to lead and manage projects effectively.
146,Project Management,Soft Skill,Ability to lead and manage projects effectively.
147,Financial Analysis,Analytical,Ability to assess financial statements and budgets.
148,Graphic Design,Creative,"Skills in Adobe Photoshop, Illustrator, and digital art."
149,Project Management,Soft Skill,Ability to lead and manage projects effectively.
150,Marketing Strategy,Business,Expertise in brand development and digital marketing.
151,Python Programming,Technical,Proficiency in Python for software development.
152,Financial Analysis,Analytical,Ability to assess financial statements and budgets.
153,Graphic Design,Creative,"Skills in Adobe Photoshop, Illustrator, and digital art."
154,Project Management,Soft Skill,Ability to lead and manage projects effectively.
155,Python Programming,Technical,Proficiency in Python for software development.
156,Financial Analysis,Analytical,Ability to assess financial statements and budgets.
157,Graphic Design,Creative,"Skills in Adobe Photoshop, Illustrator, and digital art."
158,Financial Analysis,Analytical,Ability to assess financial statements and budgets.
159,Graphic Design,Creative,"Skills in Adobe Photoshop, Illustrator, and digital art."
160,Python Programming,Technical,Proficiency in Python for software development.
161,Project Management,Soft Skill,Ability to lead and manage projects effectively.
162,Marketing Strategy,Business,Expertise in brand development and digital marketing.
163,Python Programming,Technical,Proficiency in Python for software development.
164,Financial Analysis,Analytical,Ability to assess financial statements and budgets.
165,Project Management,Soft Skill,Ability to lead and manage projects effectively.
166,Graphic Design,Creative,"Skills in Adobe Photoshop, Illustrator, and digital art."
167,Project Management,Soft Skill,Ability to lead and manage projects effectively.
168,Marketing Strategy,Business,Expertise in brand development and digital marketing.
169,Financial Analysis,Analytical,Ability to assess financial statements and budgets.
170,Graphic Design,Creative,"Skills in Adobe Photoshop, Illustrator, and digital art."
171,Project Management,Soft Skill,Ability to lead and manage projects effectively.
172,Project Management,Soft Skill,Ability to lead and manage projects effectively.
173,Python Programming,Technical,Proficiency in Python for software development.
174,Marketing Strategy,Business,Expertise in brand development and digital marketing.
175,Marketing Strategy,Business,Expertise in brand development and digital marketing.
176,Marketing Strategy,Business,Expertise in brand development and digital marketing.
177,Graphic Design,Creative,"Skills in Adobe Photoshop, Illustrator, and digital art."
178,Project Management,Soft Skill,Ability to lead and manage projects effectively.
179,Marketing Strategy,Business,Expertise in brand development and digital marketing.
180,Graphic Design,Creative,"Skills in Adobe Photoshop, Illustrator, and digital art."
181,Marketing Strategy,Business,Expertise in brand development and digital marketing.
182,Python Programming,Technical,Proficiency in Python for software development.
183,Project Management,Soft Skill,Ability to lead and manage projects effectively.
184,Financial Analysis,Analytical,Ability to assess financial statements and budgets.
185,Financial Analysis,Analytical,Ability to assess financial statements and budgets.
186,Python Programming,Technical,Proficiency in Python for software development.
187,Graphic Design,Creative,"Skills in Adobe Photoshop, Illustrator, and digital art."
188,Marketing Strategy,Business,Expertise in brand development and digital marketing.
189,Python Programming,Technical,Proficiency in Python for software development.
190,Python Programming,Technical,Proficiency in Python for software development.
191,Financial Analysis,Analytical,Ability to assess financial statements and budgets.
192,Marketing Strategy,Business,Expertise in brand development and digital marketing.
193,Marketing Strategy,Business,Expertise in brand development and digital marketing.
194,Python Programming,Technical,Proficiency in Python for software development.
195,Project Management,Soft Skill,Ability to lead and manage projects effectively.
196,Project Management,Soft Skill,Ability to lead and manage projects effectively.
197,Marketing Strategy,Business,Expertise in brand development and digital marketing.
198,Python Programming,Technical,Proficiency in Python for software development.
199,Marketing Strategy,Business,Expertise in brand development and digital marketing.
200,Python Programming,Technical,Proficiency in Python for software development.
201,Python Programming,Technical,Proficiency in Python for software development.
202,Python Programming,Technical,Proficiency in Python for software development.
203,Graphic Design,Creative,"Skills in Adobe Photoshop, Illustrator, and digital art."
204,Financial Analysis,Analytical,Ability to assess financial statements and budgets.
205,Project Management,Soft Skill,Ability to lead and manage projects effectively.
206,Marketing Strategy,Business,Expertise in brand development and digital marketing.
207,Financial Analysis,Analytical,Ability to assess financial statements and budgets.
208,Graphic Design,Creative,"Skills in Adobe Photoshop, Illustrator, and digital art."
209,Financial Analysis,Analytical,Ability to assess financial statements and budgets.
210,Python Programming,Technical,Proficiency in Python for software development.
211,Financial Analysis,Analytical,Ability to assess financial statements and budgets.
212,Financial Analysis,Analytical,Ability to assess financial statements and budgets.
213,Financial Analysis,Analytical,Ability to assess financial statements and budgets.
214,Project Management,Soft Skill,Ability to lead and manage projects effectively.
215,Marketing Strategy,Business,Expertise in brand development and digital marketing.
216,Financial Analysis,Analytical,Ability to assess financial statements and budgets.
217,Marketing Strategy,Business,Expertise in brand development and digital marketing.
218,Marketing Strategy,Business,Expertise in brand development and digital marketing.
219,Project Management,Soft Skill,Ability to lead and manage projects effectively.
220,Project Management,Soft Skill,Ability to lead and manage projects effectively.
221,Graphic Design,Creative,"Skills in Adobe Photoshop, Illustrator, and digital art."
222,Marketing Strategy,Business,Expertise in brand development and digital marketing.
223,Graphic Design,Creative,"Skills in Adobe Photoshop, Illustrator, and digital art."
224,Marketing Strategy,Business,Expertise in brand development and digital marketing.
225,Graphic Design,Creative,"Skills in Adobe Photoshop, Illustrator, and digital art."
226,Project Management,Soft Skill,Ability to lead and manage projects effectively.
227,Marketing Strategy,Business,Expertise in brand development and digital marketing.
228,Project Management,Soft Skill,Ability to lead and manage projects effectively.
229,Marketing Strategy,Business,Expertise in brand development and digital marketing.
230,Python Programming,Technical,Proficiency in Python for software development.
231,Marketing Strategy,Business,Expertise in brand development and digital marketing.
232,Graphic Design,Creative,"Skills in Adobe Photoshop, Illustrator, and digital art."
233,Python Programming,Technical,Proficiency in Python for software development.
234,Python Programming,Technical,Proficiency in Python for software development.
235,Python Programming,Technical,Proficiency in Python for software development.
236,Project Management,Soft Skill,Ability to lead and manage projects effectively.
237,Python Programming,Technical,Proficiency in Python for software development.
238,Financial Analysis,Analytical,Ability to assess financial statements and budgets.
239,Financial Analysis,Analytical,Ability to assess financial statements and budgets.
240,Financial Analysis,Analytical,Ability to assess financial statements and budgets.
241,Graphic Design,Creative,"Skills in Adobe Photoshop, Illustrator, and digital art."
242,Financial Analysis,Analytical,Ability to assess financial statements and budgets.
243,Python Programming,Technical,Proficiency in Python for software development.
244,Marketing Strategy,Business,Expertise in brand development and digital marketing.
245,Financial Analysis,Analytical,Ability to assess financial statements and budgets.
246,Python Programming,Technical,Proficiency in Python for software development.
247,Marketing Strategy,Business,Expertise in brand development and digital marketing.
248,Python Programming,Technical,Proficiency in Python for software development.
249,Marketing Strategy,Business,Expertise in brand development and digital marketing.
250,Python Programming,Technical,Proficiency in Python for software development.
251,Python Programming,Technical,Proficiency in Python for software development.
252,Graphic Design,Creative,"Skills in Adobe Photoshop, Illustrator, and digital art."
253,Project Management,Soft Skill,Ability to lead and manage projects effectively.
254,Marketing Strategy,Business,Expertise in brand development and digital marketing.
255,Marketing Strategy,Business,Expertise in brand development and digital marketing.
256,Graphic Design,Creative,"Skills in Adobe Photoshop, Illustrator, and digital art."
257,Marketing Strategy,Business,Expertise in brand development and digital marketing.
258,Marketing Strategy,Business,Expertise in brand development and digital marketing.
259,Marketing Strategy,Business,Expertise in brand development and digital marketing.
260,Graphic Design,Creative,"Skills in Adobe Photoshop, Illustrator, and digital art."
261,Financial Analysis,Analytical,Ability to assess financial statements and budgets.
262,Financial Analysis,Analytical,Ability to assess financial statements and budgets.
263,Graphic Design,Creative,"Skills in Adobe Photoshop, Illustrator, and digital art."
264,Project Management,Soft Skill,Ability to lead and manage projects effectively.
265,Marketing Strategy,Business,Expertise in brand development and digital marketing.
266,Financial Analysis,Analytical,Ability to assess financial statements and budgets.
267,Python Programming,Technical,Proficiency in Python for software development.
268,Python Programming,Technical,Proficiency in Python for software development.
269,Financial Analysis,Analytical,Ability to assess financial statements and budgets.
270,Project Management,Soft Skill,Ability to lead and manage projects effectively.
271,Python Programming,Technical,Proficiency in Python for software development.
272,Marketing Strategy,Business,Expertise in brand development and digital marketing.
273,Python Programming,Technical,Proficiency in Python for software development.
274,Graphic Design,Creative,"Skills in Adobe Photoshop, Illustrator, and digital art."
275,Financial Analysis,Analytical,Ability to assess financial statements and budgets.
276,Marketing Strategy,Business,Expertise in brand development and digital marketing.
277,Graphic Design,Creative,"Skills in Adobe Photoshop, Illustrator, and digital art."
278,Python Programming,Technical,Proficiency in Python for software development.
279,Financial Analysis,Analytical,Ability to assess financial statements and budgets.
280,Marketing Strategy,Business,Expertise in brand development and digital marketing.
281,Python Programming,Technical,Proficiency in Python for software development.
282,Financial Analysis,Analytical,Ability to assess financial statements and budgets.
283,Graphic Design,Creative,"Skills in Adobe Photoshop, Illustrator, and digital art."
284,Python Programming,Technical,Proficiency in Python for software development.
285,Financial Analysis,Analytical,Ability to assess financial statements and budgets.
286,Marketing Strategy,Business,Expertise in brand development and digital marketing.
287,Graphic Design,Creative,"Skills in Adobe Photoshop, Illustrator, and digital art."
288,Marketing Strategy,Business,Expertise in brand development and digital marketing.
289,Python Programming,Technical,Proficiency in Python for software development.
290,Marketing Strategy,Business,Expertise in brand development and digital marketing.
291,Financial Analysis,Analytical,Ability to assess financial statements and budgets.
292,Financial Analysis,Analytical,Ability to assess financial statements and budgets.
293,Python Programming,Technical,Proficiency in Python for software development.
294,Graphic Design,Creative,"Skills in Adobe Photoshop, Illustrator, and digital art."
295,Financial Analysis,Analytical,Ability to assess financial statements and budgets.
296,Graphic Design,Creative,"Skills in Adobe Photoshop, Illustrator, and digital art."
297,Marketing Strategy,Business,Expertise in brand development and digital marketing.
298,Graphic Design,Creative,"Skills in Adobe Photoshop, Illustrator, and digital art."
299,Python Programming,Technical,Proficiency in Python for software development.
300,Marketing Strategy,Business,Expertise in brand development and digital marketing.
301,Project Management,Soft Skill,Ability to lead and manage projects effectively.
302,Graphic Design,Creative,"Skills in Adobe Photoshop, Illustrator, and digital art."
303,Project Management,Soft Skill,Ability to lead and manage projects effectively.
304,Marketing Strategy,Business,Expertise in brand development and digital marketing.
305,Financial Analysis,Analytical,Ability to assess financial statements and budgets.
306,Financial Analysis,Analytical,Ability to assess financial statements and budgets.
307,Project Management,Soft Skill,Ability to lead and manage projects effectively.
308,Financial Analysis,Analytical,Ability to assess financial statements and budgets.
309,Graphic Design,Creative,"Skills in Adobe Photoshop, Illustrator, and digital art."
310,Financial Analysis,Analytical,Ability to assess financial statements and budgets.
311,Financial Analysis,Analytical,Ability to assess financial statements and budgets.
312,Marketing Strategy,Business,Expertise in brand development and digital marketing.
313,Project Management,Soft Skill,Ability to lead and manage projects effectively.
314,Financial Analysis,Analytical,Ability to assess financial statements and budgets.
315,Project Management,Soft Skill,Ability to lead and manage projects effectively.
316,Marketing Strategy,Business,Expertise in brand development and digital marketing.
317,Marketing Strategy,Business,Expertise in brand development and digital marketing.
318,Python Programming,Technical,Proficiency in Python for software development.
319,Marketing Strategy,Business,Expertise in brand development and digital marketing.
320,Python Programming,Technical,Proficiency in Python for software development.
321,Graphic Design,Creative,"Skills in Adobe Photoshop, Illustrator, and digital art."
322,Marketing Strategy,Business,Expertise in brand development and digital marketing.
323,Project Management,Soft Skill,Ability to lead and manage projects effectively.
324,Project Management,Soft Skill,Ability to lead and manage projects effectively.
325,Marketing Strategy,Business,Expertise in brand development and digital marketing.
326,Marketing Strategy,Business,Expertise in brand development and digital marketing.
327,Project Management,Soft Skill,Ability to lead and manage projects effectively.
328,Project Management,Soft Skill,Ability to lead and manage projects effectively.
329,Python Programming,Technical,Proficiency in Python for software development.
330,Project Management,Soft Skill,Ability to lead and manage projects effectively.
331,Marketing Strategy,Business,Expertise in brand development and digital marketing.
332,Graphic Design,Creative,"Skills in Adobe Photoshop, Illustrator, and digital art."
333,Project Management,Soft Skill,Ability to lead and manage projects effectively.
334,Graphic Design,Creative,"Skills in Adobe Photoshop, Illustrator, and digital art."
335,Marketing Strategy,Business,Expertise in brand development and digital marketing.
336,Marketing Strategy,Business,Expertise in brand development and digital marketing.
337,Python Programming,Technical,Proficiency in Python for software development.
338,Marketing Strategy,Business,Expertise in brand development and digital marketing.
339,Financial Analysis,Analytical,Ability to assess financial statements and budgets.
340,Project Management,Soft Skill,Ability to lead and manage projects effectively.
341,Marketing Strategy,Business,Expertise in brand development and digital marketing.
342,Financial Analysis,Analytical,Ability to assess financial statements and budgets.
343,Financial Analysis,Analytical,Ability to assess financial statements and budgets.
344,Graphic Design,Creative,"Skills in Adobe Photoshop, Illustrator, and digital art."
345,Financial Analysis,Analytical,Ability to assess financial statements and budgets.
346,Financial Analysis,Analytical,Ability to assess financial statements and budgets.
347,Project Management,Soft Skill,Ability to lead and manage projects effectively.
348,Python Programming,Technical,Proficiency in Python for software development.
349,Graphic Design,Creative,"Skills in Adobe Photoshop, Illustrator, and digital art."
350,Marketing Strategy,Business,Expertise in brand development and digital marketing.
351,Marketing Strategy,Business,Expertise in brand development and digital marketing.
352,Project Management,Soft Skill,Ability to lead and manage projects effectively.
353,Project Management,Soft Skill,Ability to lead and manage projects effectively.
354,Python Programming,Technical,Proficiency in Python for software development.
355,Graphic Design,Creative,"Skills in Adobe Photoshop, Illustrator, and digital art."
356,Marketing Strategy,Business,Expertise in brand development and digital marketing.
357,Financial Analysis,Analytical,Ability to assess financial statements and budgets.
358,Project Management,Soft Skill,Ability to lead and manage projects effectively.
359,Marketing Strategy,Business,Expertise in brand development and digital marketing.
360,Graphic Design,Creative,"Skills in Adobe Photoshop, Illustrator, and digital art."
361,Graphic Design,Creative,"Skills in Adobe Photoshop, Illustrator, and digital art."
362,Financial Analysis,Analytical,Ability to assess financial statements and budgets.
363,Marketing Strategy,Business,Expertise in brand development and digital marketing.
364,Project Management,Soft Skill,Ability to lead and manage projects effectively.
365,Marketing Strategy,Business,Expertise in brand development and digital marketing.
366,Graphic Design,Creative,"Skills in Adobe Photoshop, Illustrator, and digital art."
367,Graphic Design,Creative,"Skills in Adobe Photoshop, Illustrator, and digital art."
368,Graphic Design,Creative,"Skills in Adobe Photoshop, Illustrator, and digital art."
369,Python Programming,Technical,Proficiency in Python for software development.
370,Marketing Strategy,Business,Expertise in brand development and digital marketing.
371,Python Programming,Technical,Proficiency in Python for software development.
372,Graphic Design,Creative,"Skills in Adobe Photoshop, Illustrator, and digital art."
373,Financial Analysis,Analytical,Ability to assess financial statements and budgets.
374,Graphic Design,Creative,"Skills in Adobe Photoshop, Illustrator, and digital art."
375,Financial Analysis,Analytical,Ability to assess financial statements and budgets.
376,Financial Analysis,Analytical,Ability to assess financial statements and budgets.
377,Financial Analysis,Analytical,Ability to assess financial statements and budgets.
378,Financial Analysis,Analytical,Ability to assess financial statements and budgets.
379,Marketing Strategy,Business,Expertise in brand development and digital marketing.
380,Marketing Strategy,Business,Expertise in brand development and digital marketing.
381,Financial Analysis,Analytical,Ability to assess financial statements and budgets.
382,Python Programming,Technical,Proficiency in Python for software development.
383,Python Programming,Technical,Proficiency in Python for software development.
384,Graphic Design,Creative,"Skills in Adobe Photoshop, Illustrator, and digital art."
385,Financial Analysis,Analytical,Ability to assess financial statements and budgets.
386,Marketing Strategy,Business,Expertise in brand development and digital marketing.
387,Financial Analysis,Analytical,Ability to assess financial statements and budgets.
388,Python Programming,Technical,Proficiency in Python for software development.
389,Financial Analysis,Analytical,Ability to assess financial statements and budgets.
390,Python Programming,Technical,Proficiency in Python for software development.
391,Marketing Strategy,Business,Expertise in brand development and digital marketing.
392,Python Programming,Technical,Proficiency in Python for software development.
393,Project Management,Soft Skill,Ability to lead and manage projects effectively.
394,Python Programming,Technical,Proficiency in Python for software development.
395,Python Programming,Technical,Proficiency in Python for software development.
396,Marketing Strategy,Business,Expertise in brand development and digital marketing.
397,Marketing Strategy,Business,Expertise in brand development and digital marketing.
398,Project Management,Soft Skill,Ability to lead and manage projects effectively.
399,Marketing Strategy,Business,Expertise in brand development and digital marketing.
400,Python Programming,Technical,Proficiency in Python for software development.
401,Graphic Design,Creative,"Skills in Adobe Photoshop, Illustrator, and digital art."
402,Graphic Design,Creative,"Skills in Adobe Photoshop, Illustrator, and digital art."
403,Financial Analysis,Analytical,Ability to assess financial statements and budgets.
404,Financial Analysis,Analytical,Ability to assess financial statements and budgets.
405,Project Management,Soft Skill,Ability to lead and manage projects effectively.
406,Financial Analysis,Analytical,Ability to assess financial statements and budgets.
407,Project Management,Soft Skill,Ability to lead and manage projects effectively.
408,Python Programming,Technical,Proficiency in Python for software development.
409,Project Management,Soft Skill,Ability to lead and manage projects effectively.
410,Financial Analysis,Analytical,Ability to assess financial statements and budgets.
411,Marketing Strategy,Business,Expertise in brand development and digital marketing.
412,Python Programming,Technical,Proficiency in Python for software development.
413,Project Management,Soft Skill,Ability to lead and manage projects effectively.
414,Marketing Strategy,Business,Expertise in brand development and digital marketing.
415,Project Management,Soft Skill,Ability to lead and manage projects effectively.
416,Project Management,Soft Skill,Ability to lead and manage projects effectively.
417,Financial Analysis,Analytical,Ability to assess financial statements and budgets.
418,Python Programming,Technical,Proficiency in Python for software development.
419,Python Programming,Technical,Proficiency in Python for software development.
420,Financial Analysis,Analytical,Ability to assess financial statements and budgets.
421,Python Programming,Technical,Proficiency in Python for software development.
422,Python Programming,Technical,Proficiency in Python for software development.
423,Financial Analysis,Analytical,Ability to assess financial statements and budgets.
424,Project Management,Soft Skill,Ability to lead and manage projects effectively.
425,Graphic Design,Creative,"Skills in Adobe Photoshop, Illustrator, and digital art."
426,Python Programming,Technical,Proficiency in Python for software development.
427,Marketing Strategy,Business,Expertise in brand development and digital marketing.
428,Python Programming,Technical,Proficiency in Python for software development.
429,Financial Analysis,Analytical,Ability to assess financial statements and budgets.
430,Financial Analysis,Analytical,Ability to assess financial statements and budgets.
431,Financial Analysis,Analytical,Ability to assess financial statements and budgets.
432,Python Programming,Technical,Proficiency in Python for software development.
433,Marketing Strategy,Business,Expertise in brand development and digital marketing.
434,Financial Analysis,Analytical,Ability to assess financial statements and budgets.
435,Project Management,Soft Skill,Ability to lead and manage projects effectively.
436,Graphic Design,Creative,"Skills in Adobe Photoshop, Illustrator, and digital art."
437,Python Programming,Technical,Proficiency in Python for software development.
438,Graphic Design,Creative,"Skills in Adobe Photoshop, Illustrator, and digital art."
439,Python Programming,Technical,Proficiency in Python for software development.
440,Project Management,Soft Skill,Ability to lead and manage projects effectively.
441,Marketing Strategy,Business,Expertise in brand development and digital marketing.
442,Graphic Design,Creative,"Skills in Adobe Photoshop, Illustrator, and digital art."
443,Python Programming,Technical,Proficiency in Python for software development.
444,Graphic Design,Creative,"Skills in Adobe Photoshop, Illustrator, and digital art."
445,Graphic Design,Creative,"Skills in Adobe Photoshop, Illustrator, and digital art."
446,Financial Analysis,Analytical,Ability to assess financial statements and budgets.
447,Graphic Design,Creative,"Skills in Adobe Photoshop, Illustrator, and digital art."
448,Marketing Strategy,Business,Expertise in brand development and digital marketing.
449,Python Programming,Technical,Proficiency in Python for software development.
450,Project Management,Soft Skill,Ability to lead and manage projects effectively.
451,Graphic Design,Creative,"Skills in Adobe Photoshop, Illustrator, and digital art."
452,Marketing Strategy,Business,Expertise in brand development and digital marketing.
453,Python Programming,Technical,Proficiency in Python for software development.
454,Graphic Design,Creative,"Skills in Adobe Photoshop, Illustrator, and digital art."
455,Financial Analysis,Analytical,Ability to assess financial statements and budgets.
456,Marketing Strategy,Business,Expertise in brand development and digital marketing.
457,Marketing Strategy,Business,Expertise in brand development and digital marketing.
458,Python Programming,Technical,Proficiency in Python for software development.
459,Python Programming,Technical,Proficiency in Python for software development.
460,Graphic Design,Creative,"Skills in Adobe Photoshop, Illustrator, and digital art."
461,Python Programming,Technical,Proficiency in Python for software development.
462,Project Management,Soft Skill,Ability to lead and manage projects effectively.
463,Graphic Design,Creative,"Skills in Adobe Photoshop, Illustrator, and digital art."
464,Graphic Design,Creative,"Skills in Adobe Photoshop, Illustrator, and digital art."
465,Financial Analysis,Analytical,Ability to assess financial statements and budgets.
466,Project Management,Soft Skill,Ability to lead and manage projects effectively.
467,Project Management,Soft Skill,Ability to lead and manage projects effectively.
468,Financial Analysis,Analytical,Ability to assess financial statements and budgets.
469,Project Management,Soft Skill,Ability to lead and manage projects effectively.
470,Marketing Strategy,Business,Expertise in brand development and digital marketing.
471,Graphic Design,Creative,"Skills in Adobe Photoshop, Illustrator, and digital art."
472,Financial Analysis,Analytical,Ability to assess financial statements and budgets.
473,Project Management,Soft Skill,Ability to lead and manage projects effectively.
474,Python Programming,Technical,Proficiency in Python for software development.
475,Marketing Strategy,Business,Expertise in brand development and digital marketing.
476,Marketing Strategy,Business,Expertise in brand development and digital marketing.
477,Financial Analysis,Analytical,Ability to assess financial statements and budgets.
478,Marketing Strategy,Business,Expertise in brand development and digital marketing.
479,Financial Analysis,Analytical,Ability to assess financial statements and budgets.
480,Project Management,Soft Skill,Ability to lead and manage projects effectively.
481,Graphic Design,Creative,"Skills in Adobe Photoshop, Illustrator, and digital art."
482,Graphic Design,Creative,"Skills in Adobe Photoshop, Illustrator, and digital art."
483,Python Programming,Technical,Proficiency in Python for software development.
484,Graphic Design,Creative,"Skills in Adobe Photoshop, Illustrator, and digital art."
485,Financial Analysis,Analytical,Ability to assess financial statements and budgets.
486,Marketing Strategy,Business,Expertise in brand development and digital marketing.
487,Financial Analysis,Analytical,Ability to assess financial statements and budgets.
488,Graphic Design,Creative,"Skills in Adobe Photoshop, Illustrator, and digital art."
489,Graphic Design,Creative,"Skills in Adobe Photoshop, Illustrator, and digital art."
490,Financial Analysis,Analytical,Ability to assess financial statements and budgets.
491,Python Programming,Technical,Proficiency in Python for software development.
492,Graphic Design,Creative,"Skills in Adobe Photoshop, Illustrator, and digital art."
493,Python Programming,Technical,Proficiency in Python for software development.
494,Project Management,Soft Skill,Ability to lead and manage projects effectively.
495,Financial Analysis,Analytical,Ability to assess financial statements and budgets.
496,Project Management,Soft Skill,Ability to lead and manage projects effectively.
497,Python Programming,Technical,Proficiency in Python for software development.
498,Marketing Strategy,Business,Expertise in brand development and digital marketing.
499,Python Programming,Technical,Proficiency in Python for software development.
500,Financial Analysis,Analytical,Ability to assess financial statements and budgets.
501,Financial Analysis,Analytical,Ability to assess financial statements and budgets.
502,Financial Analysis,Analytical,Ability to assess financial statements and budgets.
503,Graphic Design,Creative,"Skills in Adobe Photoshop, Illustrator, and digital art."
504,Financial Analysis,Analytical,Ability to assess financial statements and budgets.
505,Python Programming,Technical,Proficiency in Python for software development.
506,Python Programming,Technical,Proficiency in Python for software development.
507,Python Programming,Technical,Proficiency in Python for software development.
508,Project Management,Soft Skill,Ability to lead and manage projects effectively.
509,Python Programming,Technical,Proficiency in Python for software development.
510,Project Management,Soft Skill,Ability to lead and manage projects effectively.
511,Marketing Strategy,Business,Expertise in brand development and digital marketing.
512,Graphic Design,Creative,"Skills in Adobe Photoshop, Illustrator, and digital art."
513,Python Programming,Technical,Proficiency in Python for software development.
514,Python Programming,Technical,Proficiency in Python for software development.
515,Marketing Strategy,Business,Expertise in brand development and digital marketing.
516,Project Management,Soft Skill,Ability to lead and manage projects effectively.
517,Graphic Design,Creative,"Skills in Adobe Photoshop, Illustrator, and digital art."
518,Financial Analysis,Analytical,Ability to assess financial statements and budgets.
519,Graphic Design,Creative,"Skills in Adobe Photoshop, Illustrator, and digital art."
520,Project Management,Soft Skill,Ability to lead and manage projects effectively.
521,Marketing Strategy,Business,Expertise in brand development and digital marketing.
522,Project Management,Soft Skill,Ability to lead and manage projects effectively.
523,Marketing Strategy,Business,Expertise in brand development and digital marketing.
524,Financial Analysis,Analytical,Ability to assess financial statements and budgets.
525,Financial Analysis,Analytical,Ability to assess financial statements and budgets.
526,Python Programming,Technical,Proficiency in Python for software development.
527,Python Programming,Technical,Proficiency in Python for software development.
528,Project Management,Soft Skill,Ability to lead and manage projects effectively.
529,Financial Analysis,Analytical,Ability to assess financial statements and budgets.
530,Graphic Design,Creative,"Skills in Adobe Photoshop, Illustrator, and digital art."
531,Financial Analysis,Analytical,Ability to assess financial statements and budgets.
532,Project Management,Soft Skill,Ability to lead and manage projects effectively.
533,Financial Analysis,Analytical,Ability to assess financial statements and budgets.
534,Graphic Design,Creative,"Skills in Adobe Photoshop, Illustrator, and digital art."
535,Graphic Design,Creative,"Skills in Adobe Photoshop, Illustrator, and digital art."
536,Python Programming,Technical,Proficiency in Python for software development.
537,Financial Analysis,Analytical,Ability to assess financial statements and budgets.
538,Graphic Design,Creative,"Skills in Adobe Photoshop, Illustrator, and digital art."
539,Python Programming,Technical,Proficiency in Python for software development.
540,Project Management,Soft Skill,Ability to lead and manage projects effectively.
541,Marketing Strategy,Business,Expertise in brand development and digital marketing.
542,Marketing Strategy,Business,Expertise in brand development and digital marketing.
543,Financial Analysis,Analytical,Ability to assess financial statements and budgets.
544,Project Management,Soft Skill,Ability to lead and manage projects effectively.
545,Python Programming,Technical,Proficiency in Python for software development.
546,Marketing Strategy,Business,Expertise in brand development and digital marketing.
547,Financial Analysis,Analytical,Ability to assess financial statements and budgets.
548,Marketing Strategy,Business,Expertise in brand development and digital marketing.
549,Project Management,Soft Skill,Ability to lead and manage projects effectively.
550,Graphic Design,Creative,"Skills in Adobe Photoshop, Illustrator, and digital art."
551,Financial Analysis,Analytical,Ability to assess financial statements and budgets.
552,Graphic Design,Creative,"Skills in Adobe Photoshop, Illustrator, and digital art."
553,Python Programming,Technical,Proficiency in Python for software development.
554,Marketing Strategy,Business,Expertise in brand development and digital marketing.
555,Financial Analysis,Analytical,Ability to assess financial statements and budgets.
556,Marketing Strategy,Business,Expertise in brand development and digital marketing.
557,Python Programming,Technical,Proficiency in Python for software development.
558,Financial Analysis,Analytical,Ability to assess financial statements and budgets.
559,Marketing Strategy,Business,Expertise in brand development and digital marketing.
560,Financial Analysis,Analytical,Ability to assess financial statements and budgets.
561,Project Management,Soft Skill,Ability to lead and manage projects effectively.
562,Graphic Design,Creative,"Skills in Adobe Photoshop, Illustrator, and digital art."
563,Python Programming,Technical,Proficiency in Python for software development.
564,Marketing Strategy,Business,Expertise in brand development and digital marketing.
565,Financial Analysis,Analytical,Ability to assess financial statements and budgets.
566,Marketing Strategy,Business,Expertise in brand development and digital marketing.
567,Python Programming,Technical,Proficiency in Python for software development.
568,Graphic Design,Creative,"Skills in Adobe Photoshop, Illustrator, and digital art."
569,Project Management,Soft Skill,Ability to lead and manage projects effectively.
570,Graphic Design,Creative,"Skills in Adobe Photoshop, Illustrator, and digital art."
571,Graphic Design,Creative,"Skills in Adobe Photoshop, Illustrator, and digital art."
572,Financial Analysis,Analytical,Ability to assess financial statements and budgets.
573,Project Management,Soft Skill,Ability to lead and manage projects effectively.
574,Project Management,Soft Skill,Ability to lead and manage projects effectively.
575,Marketing Strategy,Business,Expertise in brand development and digital marketing.
576,Python Programming,Technical,Proficiency in Python for software development.
577,Python Programming,Technical,Proficiency in Python for software development.
578,Graphic Design,Creative,"Skills in Adobe Photoshop, Illustrator, and digital art."
579,Financial Analysis,Analytical,Ability to assess financial statements and budgets.
580,Marketing Strategy,Business,Expertise in brand development and digital marketing.
581,Graphic Design,Creative,"Skills in Adobe Photoshop, Illustrator, and digital art."
582,Graphic Design,Creative,"Skills in Adobe Photoshop, Illustrator, and digital art."
583,Graphic Design,Creative,"Skills in Adobe Photoshop, Illustrator, and digital art."
584,Graphic Design,Creative,"Skills in Adobe Photoshop, Illustrator, and digital art."
585,Project Management,Soft Skill,Ability to lead and manage projects effectively.
586,Python Programming,Technical,Proficiency in Python for software development.
587,Project Management,Soft Skill,Ability to lead and manage projects effectively.
588,Financial Analysis,Analytical,Ability to assess financial statements and budgets.
589,Financial Analysis,Analytical,Ability to assess financial statements and budgets.
590,Graphic Design,Creative,"Skills in Adobe Photoshop, Illustrator, and digital art."
591,Marketing Strategy,Business,Expertise in brand development and digital marketing.
592,Financial Analysis,Analytical,Ability to assess financial statements and budgets.
593,Financial Analysis,Analytical,Ability to assess financial statements and budgets.
594,Python Programming,Technical,Proficiency in Python for software development.
595,Financial Analysis,Analytical,Ability to assess financial statements and budgets.
596,Graphic Design,Creative,"Skills in Adobe Photoshop, Illustrator, and digital art."
597,Graphic Design,Creative,"Skills in Adobe Photoshop, Illustrator, and digital art."
598,Marketing Strategy,Business,Expertise in brand development and digital marketing.
599,Python Programming,Technical,Proficiency in Python for software development.
600,Marketing Strategy,Business,Expertise in brand development and digital marketing.
601,Financial Analysis,Analytical,Ability to assess financial statements and budgets.
602,Graphic Design,Creative,"Skills in Adobe Photoshop, Illustrator, and digital art."
603,Python Programming,Technical,Proficiency in Python for software development.
604,Marketing Strategy,Business,Expertise in brand development and digital marketing.
605,Financial Analysis,Analytical,Ability to assess financial statements and budgets.
606,Marketing Strategy,Business,Expertise in brand development and digital marketing.
607,Graphic Design,Creative,"Skills in Adobe Photoshop, Illustrator, and digital art."
608,Marketing Strategy,Business,Expertise in brand development and digital marketing.
609,Python Programming,Technical,Proficiency in Python for software development.
610,Financial Analysis,Analytical,Ability to assess financial statements and budgets.
611,Python Programming,Technical,Proficiency in Python for software development.
612,Project Management,Soft Skill,Ability to lead and manage projects effectively.
613,Graphic Design,Creative,"Skills in Adobe Photoshop, Illustrator, and digital art."
614,Project Management,Soft Skill,Ability to lead and manage projects effectively.
615,Project Management,Soft Skill,Ability to lead and manage projects effectively.
616,Marketing Strategy,Business,Expertise in brand development and digital marketing.
617,Graphic Design,Creative,"Skills in Adobe Photoshop, Illustrator, and digital art."
618,Python Programming,Technical,Proficiency in Python for software development.
619,Financial Analysis,Analytical,Ability to assess financial statements and budgets.
620,Python Programming,Technical,Proficiency in Python for software development.
621,Marketing Strategy,Business,Expertise in brand development and digital marketing.
622,Project Management,Soft Skill,Ability to lead and manage projects effectively.
623,Project Management,Soft Skill,Ability to lead and manage projects effectively.
624,Graphic Design,Creative,"Skills in Adobe Photoshop, Illustrator, and digital art."
625,Financial Analysis,Analytical,Ability to assess financial statements and budgets.
626,Project Management,Soft Skill,Ability to lead and manage projects effectively.
627,Graphic Design,Creative,"Skills in Adobe Photoshop, Illustrator, and digital art."
628,Project Management,Soft Skill,Ability to lead and manage projects effectively.
629,Marketing Strategy,Business,Expertise in brand development and digital marketing.
630,Financial Analysis,Analytical,Ability to assess financial statements and budgets.
631,Graphic Design,Creative,"Skills in Adobe Photoshop, Illustrator, and digital art."
632,Financial Analysis,Analytical,Ability to assess financial statements and budgets.
633,Graphic Design,Creative,"Skills in Adobe Photoshop, Illustrator, and digital art."
634,Financial Analysis,Analytical,Ability to assess financial statements and budgets.
635,Python Programming,Technical,Proficiency in Python for software development.
636,Financial Analysis,Analytical,Ability to assess financial statements and budgets.
637,Project Management,Soft Skill,Ability to lead and manage projects effectively.
638,Project Management,Soft Skill,Ability to lead and manage projects effectively.
639,Graphic Design,Creative,"Skills in Adobe Photoshop, Illustrator, and digital art."
640,Python Programming,Technical,Proficiency in Python for software development.
641,Marketing Strategy,Business,Expertise in brand development and digital marketing.
642,Marketing Strategy,Business,Expertise in brand development and digital marketing.
643,Python Programming,Technical,Proficiency in Python for software development.
644,Financial Analysis,Analytical,Ability to assess financial statements and budgets.
645,Python Programming,Technical,Proficiency in Python for software development.
646,Python Programming,Technical,Proficiency in Python for software development.
647,Financial Analysis,Analytical,Ability to assess financial statements and budgets.
648,Marketing Strategy,Business,Expertise in brand development and digital marketing.
649,Project Management,Soft Skill,Ability to lead and manage projects effectively.
650,Graphic Design,Creative,"Skills in Adobe Photoshop, Illustrator, and digital art."
651,Marketing Strategy,Business,Expertise in brand development and digital marketing.
652,Python Programming,Technical,Proficiency in Python for software development.
653,Graphic Design,Creative,"Skills in Adobe Photoshop, Illustrator, and digital art."
654,Project Management,Soft Skill,Ability to lead and manage projects effectively.
655,Project Management,Soft Skill,Ability to lead and manage projects effectively.
656,Python Programming,Technical,Proficiency in Python for software development.
657,Graphic Design,Creative,"Skills in Adobe Photoshop, Illustrator, and digital art."
658,Graphic Design,Creative,"Skills in Adobe Photoshop, Illustrator, and digital art."
659,Python Programming,Technical,Proficiency in Python for software development.
660,Graphic Design,Creative,"Skills in Adobe Photoshop, Illustrator, and digital art."
661,Financial Analysis,Analytical,Ability to assess financial statements and budgets.
662,Project Management,Soft Skill,Ability to lead and manage projects effectively.
663,Python Programming,Technical,Proficiency in Python for software development.
664,Graphic Design,Creative,"Skills in Adobe Photoshop, Illustrator, and digital art."
665,Python Programming,Technical,Proficiency in Python for software development.
666,Graphic Design,Creative,"Skills in Adobe Photoshop, Illustrator, and digital art."
667,Marketing Strategy,Business,Expertise in brand development and digital marketing.
668,Project Management,Soft Skill,Ability to lead and manage projects effectively.
669,Marketing Strategy,Business,Expertise in brand development and digital marketing.
670,Project Management,Soft Skill,Ability to lead and manage projects effectively.
671,Project Management,Soft Skill,Ability to lead and manage projects effectively.
672,Project Management,Soft Skill,Ability to lead and manage projects effectively.
673,Marketing Strategy,Business,Expertise in brand development and digital marketing.
674,Graphic Design,Creative,"Skills in Adobe Photoshop, Illustrator, and digital art."
675,Python Programming,Technical,Proficiency in Python for software development.
676,Graphic Design,Creative,"Skills in Adobe Photoshop, Illustrator, and digital art."
677,Graphic Design,Creative,"Skills in Adobe Photoshop, Illustrator, and digital art."
678,Project Management,Soft Skill,Ability to lead and manage projects effectively.
679,Project Management,Soft Skill,Ability to lead and manage projects effectively.
680,Graphic Design,Creative,"Skills in Adobe Photoshop, Illustrator, and digital art."
681,Financial Analysis,Analytical,Ability to assess financial statements and budgets.
682,Financial Analysis,Analytical,Ability to assess financial statements and budgets.
683,Graphic Design,Creative,"Skills in Adobe Photoshop, Illustrator, and digital art."
684,Python Programming,Technical,Proficiency in Python for software development.
685,Financial Analysis,Analytical,Ability to assess financial statements and budgets.
686,Python Programming,Technical,Proficiency in Python for software development.
687,Marketing Strategy,Business,Expertise in brand development and digital marketing.
688,Graphic Design,Creative,"Skills in Adobe Photoshop, Illustrator, and digital art."
689,Project Management,Soft Skill,Ability to lead and manage projects effectively.
690,Financial Analysis,Analytical,Ability to assess financial statements and budgets.
691,Project Management,Soft Skill,Ability to lead and manage projects effectively.
692,Python Programming,Technical,Proficiency in Python for software development.
693,Graphic Design,Creative,"Skills in Adobe Photoshop, Illustrator, and digital art."
694,Marketing Strategy,Business,Expertise in brand development and digital marketing.
695,Marketing Strategy,Business,Expertise in brand development and digital marketing.
696,Financial Analysis,Analytical,Ability to assess financial statements and budgets.
697,Financial Analysis,Analytical,Ability to assess financial statements and budgets.
698,Graphic Design,Creative,"Skills in Adobe Photoshop, Illustrator, and digital art."
699,Python Programming,Technical,Proficiency in Python for software development.
700,Project Management,Soft Skill,Ability to lead and manage projects effectively.
701,Graphic Design,Creative,"Skills in Adobe Photoshop, Illustrator, and digital art."
702,Python Programming,Technical,Proficiency in Python for software development.
703,Python Programming,Technical,Proficiency in Python for software development.
704,Python Programming,Technical,Proficiency in Python for software development.
705,Financial Analysis,Analytical,Ability to assess financial statements and budgets.
706,Python Programming,Technical,Proficiency in Python for software development.
707,Marketing Strategy,Business,Expertise in brand development and digital marketing.
708,Python Programming,Technical,Proficiency in Python for software development.
709,Graphic Design,Creative,"Skills in Adobe Photoshop, Illustrator, and digital art."
710,Project Management,Soft Skill,Ability to lead and manage projects effectively.
711,Financial Analysis,Analytical,Ability to assess financial statements and budgets.
712,Graphic Design,Creative,"Skills in Adobe Photoshop, Illustrator, and digital art."
713,Marketing Strategy,Business,Expertise in brand development and digital marketing.
714,Project Management,Soft Skill,Ability to lead and manage projects effectively.
715,Python Programming,Technical,Proficiency in Python for software development.
716,Graphic Design,Creative,"Skills in Adobe Photoshop, Illustrator, and digital art."
717,Graphic Design,Creative,"Skills in Adobe Photoshop, Illustrator, and digital art."
718,Project Management,Soft Skill,Ability to lead and manage projects effectively.
719,Financial Analysis,Analytical,Ability to assess financial statements and budgets.
720,Marketing Strategy,Business,Expertise in brand development and digital marketing.
721,Graphic Design,Creative,"Skills in Adobe Photoshop, Illustrator, and digital art."
722,Financial Analysis,Analytical,Ability to assess financial statements and budgets.
723,Project Management,Soft Skill,Ability to lead and manage projects effectively.
724,Marketing Strategy,Business,Expertise in brand development and digital marketing.
725,Project Management,Soft Skill,Ability to lead and manage projects effectively.
726,Python Programming,Technical,Proficiency in Python for software development.
727,Financial Analysis,Analytical,Ability to assess financial statements and budgets.
728,Marketing Strategy,Business,Expertise in brand development and digital marketing.
729,Financial Analysis,Analytical,Ability to assess financial statements and budgets.
730,Graphic Design,Creative,"Skills in Adobe Photoshop, Illustrator, and digital art."
731,Marketing Strategy,Business,Expertise in brand development and digital marketing.
732,Marketing Strategy,Business,Expertise in brand development and digital marketing.
733,Financial Analysis,Analytical,Ability to assess financial statements and budgets.
734,Project Management,Soft Skill,Ability to lead and manage projects effectively.
735,Project Management,Soft Skill,Ability to lead and manage projects effectively.
736,Project Management,Soft Skill,Ability to lead and manage projects effectively.
737,Graphic Design,Creative,"Skills in Adobe Photoshop, Illustrator, and digital art."
738,Financial Analysis,Analytical,Ability to assess financial statements and budgets.
739,Financial Analysis,Analytical,Ability to assess financial statements and budgets.
740,Graphic Design,Creative,"Skills in Adobe Photoshop, Illustrator, and digital art."
741,Marketing Strategy,Business,Expertise in brand development and digital marketing.
742,Python Programming,Technical,Proficiency in Python for software development.
743,Project Management,Soft Skill,Ability to lead and manage projects effectively.
744,Marketing Strategy,Business,Expertise in brand development and digital marketing.
745,Marketing Strategy,Business,Expertise in brand development and digital marketing.
746,Python Programming,Technical,Proficiency in Python for software development.
747,Project Management,Soft Skill,Ability to lead and manage projects effectively.
748,Graphic Design,Creative,"Skills in Adobe Photoshop, Illustrator, and digital art."
749,Project Management,Soft Skill,Ability to lead and manage projects effectively.
750,Python Programming,Technical,Proficiency in Python for software development.
751,Marketing Strategy,Business,Expertise in brand development and digital marketing.
752,Python Programming,Technical,Proficiency in Python for software development.
753,Python Programming,Technical,Proficiency in Python for software development.
754,Graphic Design,Creative,"Skills in Adobe Photoshop, Illustrator, and digital art."
755,Python Programming,Technical,Proficiency in Python for software development.
756,Graphic Design,Creative,"Skills in Adobe Photoshop, Illustrator, and digital art."
757,Python Programming,Technical,Proficiency in Python for software development.
758,Python Programming,Technical,Proficiency in Python for software development.
759,Project Management,Soft Skill,Ability to lead and manage projects effectively.
760,Graphic Design,Creative,"Skills in Adobe Photoshop, Illustrator, and digital art."
761,Financial Analysis,Analytical,Ability to assess financial statements and budgets.
762,Financial Analysis,Analytical,Ability to assess financial statements and budgets.
763,Financial Analysis,Analytical,Ability to assess financial statements and budgets.
764,Financial Analysis,Analytical,Ability to assess financial statements and budgets.
765,Python Programming,Technical,Proficiency in Python for software development.
766,Python Programming,Technical,Proficiency in Python for software development.
767,Project Management,Soft Skill,Ability to lead and manage projects effectively.
768,Project Management,Soft Skill,Ability to lead and manage projects effectively.
769,Marketing Strategy,Business,Expertise in brand development and digital marketing.
770,Marketing Strategy,Business,Expertise in brand development and digital marketing.
771,Project Management,Soft Skill,Ability to lead and manage projects effectively.
772,Project Management,Soft Skill,Ability to lead and manage projects effectively.
773,Financial Analysis,Analytical,Ability to assess financial statements and budgets.
774,Financial Analysis,Analytical,Ability to assess financial statements and budgets.
775,Python Programming,Technical,Proficiency in Python for software development.
776,Graphic Design,Creative,"Skills in Adobe Photoshop, Illustrator, and digital art."
777,Project Management,Soft Skill,Ability to lead and manage projects effectively.
778,Project Management,Soft Skill,Ability to lead and manage projects effectively.
779,Financial Analysis,Analytical,Ability to assess financial statements and budgets.
780,Graphic Design,Creative,"Skills in Adobe Photoshop, Illustrator, and digital art."
781,Graphic Design,Creative,"Skills in Adobe Photoshop, Illustrator, and digital art."
782,Project Management,Soft Skill,Ability to lead and manage projects effectively.
783,Marketing Strategy,Business,Expertise in brand development and digital marketing.
784,Project Management,Soft Skill,Ability to lead and manage projects effectively.
785,Marketing Strategy,Business,Expertise in brand development and digital marketing.
786,Financial Analysis,Analytical,Ability to assess financial statements and budgets.
787,Marketing Strategy,Business,Expertise in brand development and digital marketing.
788,Financial Analysis,Analytical,Ability to assess financial statements and budgets.
789,Financial Analysis,Analytical,Ability to assess financial statements and budgets.
790,Marketing Strategy,Business,Expertise in brand development and digital marketing.
791,Python Programming,Technical,Proficiency in Python for software development.
792,Financial Analysis,Analytical,Ability to assess financial statements and budgets.
793,Python Programming,Technical,Proficiency in Python for software development.
794,Marketing Strategy,Business,Expertise in brand development and digital marketing.
795,Graphic Design,Creative,"Skills in Adobe Photoshop, Illustrator, and digital art."
796,Project Management,Soft Skill,Ability to lead and manage projects effectively.
797,Financial Analysis,Analytical,Ability to assess financial statements and budgets.
798,Graphic Design,Creative,"Skills in Adobe Photoshop, Illustrator, and digital art."
799,Project Management,Soft Skill,Ability to lead and manage projects effectively.
800,Graphic Design,Creative,"Skills in Adobe Photoshop, Illustrator, and digital art."
801,Financial Analysis,Analytical,Ability to assess financial statements and budgets.
802,Python Programming,Technical,Proficiency in Python for software development.
803,Graphic Design,Creative,"Skills in Adobe Photoshop, Illustrator, and digital art."
804,Financial Analysis,Analytical,Ability to assess financial statements and budgets.
805,Financial Analysis,Analytical,Ability to assess financial statements and budgets.
806,Project Management,Soft Skill,Ability to lead and manage projects effectively.
807,Python Programming,Technical,Proficiency in Python for software development.
808,Project Management,Soft Skill,Ability to lead and manage projects effectively.
809,Financial Analysis,Analytical,Ability to assess financial statements and budgets.
810,Marketing Strategy,Business,Expertise in brand development and digital marketing.
811,Python Programming,Technical,Proficiency in Python for software development.
812,Financial Analysis,Analytical,Ability to assess financial statements and budgets.
813,Python Programming,Technical,Proficiency in Python for software development.
814,Project Management,Soft Skill,Ability to lead and manage projects effectively.
815,Project Management,Soft Skill,Ability to lead and manage projects effectively.
816,Financial Analysis,Analytical,Ability to assess financial statements and budgets.
817,Graphic Design,Creative,"Skills in Adobe Photoshop, Illustrator, and digital art."
818,Financial Analysis,Analytical,Ability to assess financial statements and budgets.
819,Financial Analysis,Analytical,Ability to assess financial statements and budgets.
820,Financial Analysis,Analytical,Ability to assess financial statements and budgets.
821,Project Management,Soft Skill,Ability to lead and manage projects effectively.
822,Project Management,Soft Skill,Ability to lead and manage projects effectively.
823,Python Programming,Technical,Proficiency in Python for software development.
824,Python Programming,Technical,Proficiency in Python for software development.
825,Financial Analysis,Analytical,Ability to assess financial statements and budgets.
826,Graphic Design,Creative,"Skills in Adobe Photoshop, Illustrator, and digital art."
827,Project Management,Soft Skill,Ability to lead and manage projects effectively.
828,Marketing Strategy,Business,Expertise in brand development and digital marketing.
829,Project Management,Soft Skill,Ability to lead and manage projects effectively.
830,Graphic Design,Creative,"Skills in Adobe Photoshop, Illustrator, and digital art."
831,Financial Analysis,Analytical,Ability to assess financial statements and budgets.
832,Python Programming,Technical,Proficiency in Python for software development.
833,Python Programming,Technical,Proficiency in Python for software development.
834,Graphic Design,Creative,"Skills in Adobe Photoshop, Illustrator, and digital art."
835,Marketing Strategy,Business,Expertise in brand development and digital marketing.
836,Financial Analysis,Analytical,Ability to assess financial statements and budgets.
837,Financial Analysis,Analytical,Ability to assess financial statements and budgets.
838,Marketing Strategy,Business,Expertise in brand development and digital marketing.
839,Financial Analysis,Analytical,Ability to assess financial statements and budgets.
840,Financial Analysis,Analytical,Ability to assess financial statements and budgets.
841,Financial Analysis,Analytical,Ability to assess financial statements and budgets.
842,Graphic Design,Creative,"Skills in Adobe Photoshop, Illustrator, and digital art."
843,Graphic Design,Creative,"Skills in Adobe Photoshop, Illustrator, and digital art."
844,Financial Analysis,Analytical,Ability to assess financial statements and budgets.
845,Financial Analysis,Analytical,Ability to assess financial statements and budgets.
846,Marketing Strategy,Business,Expertise in brand development and digital marketing.
847,Graphic Design,Creative,"Skills in Adobe Photoshop, Illustrator, and digital art."
848,Project Management,Soft Skill,Ability to lead and manage projects effectively.
849,Python Programming,Technical,Proficiency in Python for software development.
850,Python Programming,Technical,Proficiency in Python for software development.
851,Financial Analysis,Analytical,Ability to assess financial statements and budgets.
852,Financial Analysis,Analytical,Ability to assess financial statements and budgets.
853,Python Programming,Technical,Proficiency in Python for software development.
854,Graphic Design,Creative,"Skills in Adobe Photoshop, Illustrator, and digital art."
855,Marketing Strategy,Business,Expertise in brand development and digital marketing.
856,Python Programming,Technical,Proficiency in Python for software development.
857,Marketing Strategy,Business,Expertise in brand development and digital marketing.
858,Graphic Design,Creative,"Skills in Adobe Photoshop, Illustrator, and digital art."
859,Marketing Strategy,Business,Expertise in brand development and digital marketing.
860,Graphic Design,Creative,"Skills in Adobe Photoshop, Illustrator, and digital art."
861,Graphic Design,Creative,"Skills in Adobe Photoshop, Illustrator, and digital art."
862,Marketing Strategy,Business,Expertise in brand development and digital marketing.
863,Marketing Strategy,Business,Expertise in brand development and digital marketing.
864,Project Management,Soft Skill,Ability to lead and manage projects effectively.
865,Marketing Strategy,Business,Expertise in brand development and digital marketing.
866,Python Programming,Technical,Proficiency in Python for software development.
867,Marketing Strategy,Business,Expertise in brand development and digital marketing.
868,Marketing Strategy,Business,Expertise in brand development and digital marketing.
869,Graphic Design,Creative,"Skills in Adobe Photoshop, Illustrator, and digital art."
870,Project Management,Soft Skill,Ability to lead and manage projects effectively.
871,Project Management,Soft Skill,Ability to lead and manage projects effectively.
872,Python Programming,Technical,Proficiency in Python for software development.
873,Marketing Strategy,Business,Expertise in brand development and digital marketing.
874,Marketing Strategy,Business,Expertise in brand development and digital marketing.
875,Marketing Strategy,Business,Expertise in brand development and digital marketing.
876,Graphic Design,Creative,"Skills in Adobe Photoshop, Illustrator, and digital art."
877,Python Programming,Technical,Proficiency in Python for software development.
878,Graphic Design,Creative,"Skills in Adobe Photoshop, Illustrator, and digital art."
879,Graphic Design,Creative,"Skills in Adobe Photoshop, Illustrator, and digital art."
880,Python Programming,Technical,Proficiency in Python for software development.
881,Project Management,Soft Skill,Ability to lead and manage projects effectively.
882,Project Management,Soft Skill,Ability to lead and manage projects effectively.
883,Marketing Strategy,Business,Expertise in brand development and digital marketing.
884,Python Programming,Technical,Proficiency in Python for software development.
885,Graphic Design,Creative,"Skills in Adobe Photoshop, Illustrator, and digital art."
886,Python Programming,Technical,Proficiency in Python for software development.
887,Python Programming,Technical,Proficiency in Python for software development.
888,Marketing Strategy,Business,Expertise in brand development and digital marketing.
889,Python Programming,Technical,Proficiency in Python for software development.
890,Marketing Strategy,Business,Expertise in brand development and digital marketing.
891,Project Management,Soft Skill,Ability to lead and manage projects effectively.
892,Financial Analysis,Analytical,Ability to assess financial statements and budgets.
893,Project Management,Soft Skill,Ability to lead and manage projects effectively.
894,Graphic Design,Creative,"Skills in Adobe Photoshop, Illustrator, and digital art."
895,Financial Analysis,Analytical,Ability to assess financial statements and budgets.
896,Graphic Design,Creative,"Skills in Adobe Photoshop, Illustrator, and digital art."
897,Marketing Strategy,Business,Expertise in brand development and digital marketing.
898,Python Programming,Technical,Proficiency in Python for software development.
899,Project Management,Soft Skill,Ability to lead and manage projects effectively.
900,Marketing Strategy,Business,Expertise in brand development and digital marketing.
901,Graphic Design,Creative,"Skills in Adobe Photoshop, Illustrator, and digital art."
902,Python Programming,Technical,Proficiency in Python for software development.
903,Graphic Design,Creative,"Skills in Adobe Photoshop, Illustrator, and digital art."
904,Marketing Strategy,Business,Expertise in brand development and digital marketing.
905,Python Programming,Technical,Proficiency in Python for software development.
906,Financial Analysis,Analytical,Ability to assess financial statements and budgets.
907,Financial Analysis,Analytical,Ability to assess financial statements and budgets.
908,Python Programming,Technical,Proficiency in Python for software development.
909,Marketing Strategy,Business,Expertise in brand development and digital marketing.
910,Financial Analysis,Analytical,Ability to assess financial statements and budgets.
911,Marketing Strategy,Business,Expertise in brand development and digital marketing.
912,Graphic Design,Creative,"Skills in Adobe Photoshop, Illustrator, and digital art."
913,Financial Analysis,Analytical,Ability to assess financial statements and budgets.
914,Marketing Strategy,Business,Expertise in brand development and digital marketing.
915,Project Management,Soft Skill,Ability to lead and manage projects effectively.
916,Marketing Strategy,Business,Expertise in brand development and digital marketing.
917,Marketing Strategy,Business,Expertise in brand development and digital marketing.
918,Project Management,Soft Skill,Ability to lead and manage projects effectively.
919,Financial Analysis,Analytical,Ability to assess financial statements and budgets.
920,Python Programming,Technical,Proficiency in Python for software development.
921,Python Programming,Technical,Proficiency in Python for software development.
922,Python Programming,Technical,Proficiency in Python for software development.
923,Marketing Strategy,Business,Expertise in brand development and digital marketing.
924,Marketing Strategy,Business,Expertise in brand development and digital marketing.
925,Marketing Strategy,Business,Expertise in brand development and digital marketing.
926,Graphic Design,Creative,"Skills in Adobe Photoshop, Illustrator, and digital art."
927,Project Management,Soft Skill,Ability to lead and manage projects effectively.
928,Marketing Strategy,Business,Expertise in brand development and digital marketing.
929,Marketing Strategy,Business,Expertise in brand development and digital marketing.
930,Marketing Strategy,Business,Expertise in brand development and digital marketing.
931,Project Management,Soft Skill,Ability to lead and manage projects effectively.
932,Financial Analysis,Analytical,Ability to assess financial statements and budgets.
933,Project Management,Soft Skill,Ability to lead and manage projects effectively.
934,Graphic Design,Creative,"Skills in Adobe Photoshop, Illustrator, and digital art."
935,Financial Analysis,Analytical,Ability to assess financial statements and budgets.
936,Python Programming,Technical,Proficiency in Python for software development.
937,Financial Analysis,Analytical,Ability to assess financial statements and budgets.
938,Marketing Strategy,Business,Expertise in brand development and digital marketing.
939,Graphic Design,Creative,"Skills in Adobe Photoshop, Illustrator, and digital art."
940,Marketing Strategy,Business,Expertise in brand development and digital marketing.
941,Financial Analysis,Analytical,Ability to assess financial statements and budgets.
942,Financial Analysis,Analytical,Ability to assess financial statements and budgets.
943,Project Management,Soft Skill,Ability to lead and manage projects effectively.
944,Python Programming,Technical,Proficiency in Python for software development.
945,Project Management,Soft Skill,Ability to lead and manage projects effectively.
946,Marketing Strategy,Business,Expertise in brand development and digital marketing.
947,Python Programming,Technical,Proficiency in Python for software development.
948,Project Management,Soft Skill,Ability to lead and manage projects effectively.
949,Marketing Strategy,Business,Expertise in brand development and digital marketing.
950,Marketing Strategy,Business,Expertise in brand development and digital marketing.
951,Financial Analysis,Analytical,Ability to assess financial statements and budgets.
952,Marketing Strategy,Business,Expertise in brand development and digital marketing.
953,Python Programming,Technical,Proficiency in Python for software development.
954,Marketing Strategy,Business,Expertise in brand development and digital marketing.
955,Marketing Strategy,Business,Expertise in brand development and digital marketing.
956,Financial Analysis,Analytical,Ability to assess financial statements and budgets.
957,Financial Analysis,Analytical,Ability to assess financial statements and budgets.
958,Project Management,Soft Skill,Ability to lead and manage projects effectively.
959,Marketing Strategy,Business,Expertise in brand development and digital marketing.
960,Project Management,Soft Skill,Ability to lead and manage projects effectively.
961,Graphic Design,Creative,"Skills in Adobe Photoshop, Illustrator, and digital art."
962,Graphic Design,Creative,"Skills in Adobe Photoshop, Illustrator, and digital art."
963,Financial Analysis,Analytical,Ability to assess financial statements and budgets.
964,Python Programming,Technical,Proficiency in Python for software development.
965,Financial Analysis,Analytical,Ability to assess financial statements and budgets.
966,Python Programming,Technical,Proficiency in Python for software development.
967,Python Programming,Technical,Proficiency in Python for software development.
968,Financial Analysis,Analytical,Ability to assess financial statements and budgets.
969,Graphic Design,Creative,"Skills in Adobe Photoshop, Illustrator, and digital art."
970,Graphic Design,Creative,"Skills in Adobe Photoshop, Illustrator, and digital art."
971,Financial Analysis,Analytical,Ability to assess financial statements and budgets.
972,Marketing Strategy,Business,Expertise in brand development and digital marketing.
973,Project Management,Soft Skill,Ability to lead and manage projects effectively.
974,Financial Analysis,Analytical,Ability to assess financial statements and budgets.
975,Python Programming,Technical,Proficiency in Python for software development.
976,Python Programming,Technical,Proficiency in Python for software development.
977,Graphic Design,Creative,"Skills in Adobe Photoshop, Illustrator, and digital art."
978,Graphic Design,Creative,"Skills in Adobe Photoshop, Illustrator, and digital art."
979,Python Programming,Technical,Proficiency in Python for software development.
980,Financial Analysis,Analytical,Ability to assess financial statements and budgets.
981,Marketing Strategy,Business,Expertise in brand development and digital marketing.
982,Graphic Design,Creative,"Skills in Adobe Photoshop, Illustrator, and digital art."
983,Project Management,Soft Skill,Ability to lead and manage projects effectively.
984,Graphic Design,Creative,"Skills in Adobe Photoshop, Illustrator, and digital art."
985,Project Management,Soft Skill,Ability to lead and manage projects effectively.
986,Graphic Design,Creative,"Skills in Adobe Photoshop, Illustrator, and digital art."
987,Python Programming,Technical,Proficiency in Python for software development.
988,Graphic Design,Creative,"Skills in Adobe Photoshop, Illustrator, and digital art."
989,Marketing Strategy,Business,Expertise in brand development and digital marketing.
990,Marketing Strategy,Business,Expertise in brand development and digital marketing.
991,Graphic Design,Creative,"Skills in Adobe Photoshop, Illustrator, and digital art."
992,Project Management,Soft Skill,Ability to lead and manage projects effectively.
993,Financial Analysis,Analytical,Ability to assess financial statements and budgets.
994,Financial Analysis,Analytical,Ability to assess financial statements and budgets.
995,Project Management,Soft Skill,Ability to lead and manage projects effectively.
996,Financial Analysis,Analytical,Ability to assess financial statements and budgets.
997,Graphic Design,Creative,"Skills in Adobe Photoshop, Illustrator, and digital art."
998,Graphic Design,Creative,"Skills in Adobe Photoshop, Illustrator, and digital art."
999,Project Management,Soft Skill,Ability to lead and manage projects effectively.
1000,Marketing Strategy,Business,Expertise in brand development and digital marketing.
