name,age,gender,education_level,experience,career_preference,skills,actual_career,career_name,description,required_skills,qualifications,industry_type
John Bosco,23,Male,9,-0.729839588219302,112,confidence,85,,,,,
Esther,21,Female,0,-1.0152430286843885,174,coding,154,,,,,
Cronnie,22,Female,0,-1.0152430286843885,72,data management  communication,118,,,,,
Emmanuel,22,Male,9,-0.729839588219302,199,programming  pen testing,92,,,,,
Owen,27,Male,0,-0.4444361477542153,106,computer literacy,92,,,,,
Rashidah,23,Female,0,-0.729839588219302,190,accounting,143,,,,,
Sanyu Rebecca,24,Female,0,-1.0152430286843885,96,practical skills,129,,,,,
Britney Pearl,22,Female,9,-0.4444361477542153,102,it skills,94,,,,,
Rashimi,19,Female,11,-0.4444361477542153,139,communication and perseverance,61,,,,,
Eliminah,25,Female,0,-1.0152430286843885,170,critical thinking and analytical skills,143,,,,,
Patricia Zareth,23,Male,0,-0.729839588219302,173,coding,53,,,,,
Chris Katende,21,Male,0,-1.0152430286843885,201,practical skills,171,,,,,
Cassandra,21,Female,0,-1.0152430286843885,201,practical skills,171,,,,,
Grace,22,Male,9,-1.0152430286843885,58, communication manual dexterity,56,,,,,
Ally,23,Male,0,-0.729839588219302,56,problem solving,41,,,,,
Mile,23,Male,9,-0.729839588219302,172,practical skills,169,,,,,
Mike,22,Female,9,-1.0152430286843885,63,practical skills,112,,,,,
Eron,21,Female,9,-0.729839588219302,182, communication  critical and fast thinking   knowledge confidence   leadership,120,,,,,
Zareth,26,Male,0,-0.15903270728912866,98,leadership,143,,,,,
Sofia,22,Female,9,-1.0152430286843885,117, listening  teamwork  writing communication,101,,,,,
Sophie,22,Female,0,-1.0152430286843885,65, speech skills interpersonal ,63,,,,,
Angel,24,Male,11,-0.4444361477542153,93,practical skills,129,,,,,
Bright,23,Female,0,-1.0152430286843885,81, monitoring and evaluation data analysis skills,54,,,,,
Gaby,23,Male,0,-0.4444361477542153,155,quick thinking and decision making,134,,,,,
Laura Isiga,22,Male,9,-1.0152430286843885,183,communication,159,,,,,
Peter,24,Male,0,-0.729839588219302,106,hacking,92,,,,,
Patrick,22,Male,0,-0.4444361477542153,55,learning skills,39,,,,,
Sandra,23,Male,0,-0.729839588219302,81,accounting,67,,,,,
Marget,24,Male,0,-0.729839588219302,57,data science,54,,,,,
Vanessa,22,Female,0,-1.0152430286843885,146,networking and softskills,124,,,,,
Paul,32,Male,0,-0.4444361477542153,38,communication skills,166,,,,,
Julius,22,Male,9,-0.729839588219302,185,programing,169,,,,,
Mansoor,22,Female,0,-1.0152430286843885,99,planning  organization,86,,,,,
Robert,21,Male,9,-0.4444361477542153,197,literature,4,,,,,
Daisy,24,Female,0,-0.729839588219302,184,professionalism and soft skills,82,,,,,
Yaseem,24,Male,9,-1.0152430286843885,194, efficient communicating,129,,,,,
Aminah,21,Female,0,-1.0152430286843885,147, resourcefulness  social networking,118,,,,,
Doreen,23,Male,0,-0.4444361477542153,155, problem solving skills  emotional intelligence communication skills  leadership skills,143,,,,,
Patricia Zareth,22,Female,0,-1.0152430286843885,57,python  sql,155,,,,,
Bridget,30,Female,0,-0.4444361477542153,97,service delivery,134,,,,,
Kimuli,22,Male,0,-1.0152430286843885,22,multitasking,15,,,,,
Timonthy,25,Male,0,-0.729839588219302,144,agility,82,,,,,
Tom,24,Male,0,-0.4444361477542153,121,public speech and research skills,85,,,,,
Jane Smith,25,Male,0,-0.4444361477542153,63, communication attention,41,,,,,
Bob Johnson,22,Female,0,-1.0152430286843885,17,use of software and creativity,10,,,,,
Emily Davis,23,Female,0,-0.729839588219302,12,critical thinking and accuracy,67,,,,,
Michael Brown,22,Male,9,-0.729839588219302,173, communication skills interpersonal relations,82,,,,,
Sarah Wilson,26,Male,0,-0.729839588219302,184,computer skills,166,,,,,
David Lee,22,Female,0,-1.0152430286843885,174,programming,92,,,,,
Laura Martinez,23,Female,9,-1.0152430286843885,15,flexibility,9,,,,,
Kevin White,26,Male,0,-0.4444361477542153,155,problem solving  research and analytical skills,156,,,,,
Karen Thompson,24,Male,9,-1.0152430286843885,69,communication,110,,,,,
Richard Anderson,23,Female,0,-0.729839588219302,181,data analysis,67,,,,,
Jessica Taylor,22,Female,9,-1.0152430286843885,49,decision making,94,,,,,
Daniel Moore,23,Male,0,-0.729839588219302,179,leadership  decision making and problem solving,67,,,,,
Olivia Jackson,22,Female,0,-1.0152430286843885,117,communication,102,,,,,
William Martin,23,Male,0,-1.0152430286843885,123,aggressiveness,94,,,,,
Sophia Lee,22,Female,0,-0.729839588219302,56,communicatiion,85,,,,,
James Perez,21,Female,0,-1.0152430286843885,174,consistency,92,,,,,
Ava Thompson,25,Male,0,-1.0152430286843885,134,guitar and saxophone skills,7,,,,,
Henry Gonzalez,20,Male,9,-0.729839588219302,23,mathematics,7,,,,,
Mia Robinson,22,Female,9,-0.4444361477542153,118,communication,102,,,,,
Ethan Clark,22,Female,0,-0.729839588219302,101,team work,134,,,,,
Isabella Rodriguez,22,Female,9,-1.0152430286843885,156,empathy,135,,,,,
Liam Lewis,22,Female,9,-0.4444361477542153,34,commitment and patience,118,,,,,
Chloe Walker,21,Female,0,-0.4444361477542153,37,fast thinking and coming up with technical solutions to technical problems,34,,,,,
Noah Hall,21,Male,9,-1.0152430286843885,107,information technology,93,,,,,
Emma Allen,21,Female,0,-0.729839588219302,121,hands on skills,135,,,,,
Mason Young,30,Male,0,-1.0152430286843885,69,communication skills,54,,,,,
Harper King,22,Male,0,-1.0152430286843885,173,interpersonal,154,,,,,
Lucas Wright,22,Female,9,-1.0152430286843885,63,knowledge,118,,,,,
Amelia Scott,22,Male,0,-0.729839588219302,26,novelity,105,,,,,
Oliver Green,22,Female,0,-0.729839588219302,10,"communication skills 
analytical skills",95,,,,,
Grace Baker,21,Female,9,-1.0152430286843885,85,attention,127,,,,,
Elijah Adams,21,Female,9,-0.729839588219302,108,self awareness,89,,,,,
Lily Nelson,22,Male,9,-0.15903270728912866,29,technical skills  research  communication  writing,22,,,,,
Benjamin Carter,23,Male,0,-1.0152430286843885,59,linux sys administration  scripting  cyber knowledge  dns.,169,,,,,
Ella Mitchell,22,Male,9,-1.0152430286843885,174,learning skills,154,,,,,
Sebastian Perez,21,Male,9,-0.4444361477542153,174, teamwork programming  communication skills,156,,,,,
Victoria Roberts,22,Male,9,-1.0152430286843885,43,analytical skills,111,,,,,
Jack Turner,21,Female,0,-0.4444361477542153,198,technical skills,36,,,,,
Aria Phillips,21,Female,11,-1.0152430286843885,143,discipline and confidence,119,,,,,
Samuel Campbell,22,Male,9,-0.729839588219302,16,creative art,10,,,,,
Zoe Parker,23,Female,0,-0.4444361477542153,16,drawing skills,10,,,,,
Adam Evans,23,Female,0,-0.729839588219302,111,hardworking commitment and dedication,25,,,,,
Natalie Edwards,27,Male,0,-0.729839588219302,105,analytical skills,94,,,,,
Aaron Collins,22,Female,9,-1.0152430286843885,117,problem solving  communication.,102,,,,,
Scarlett Stewart,23,Male,9,-0.4444361477542153,32,programming and stocks trading,156,,,,,
Isaiah Sanchez,22,Male,9,-0.729839588219302,24,technical skills and communication skills,1,,,,,
Nora Morris,22,Male,9,-1.0152430286843885,16,critical thinking and creativity,64,,,,,
Julian Rogers,29,Male,0,-0.4444361477542153,48,data analytics,54,,,,,
Stella Reed,28,Male,0,-0.729839588219302,173, business management innovative skills,111,,,,,
Owen Parker,22,Male,9,-1.0152430286843885,37, project management communication skills,34,,,,,
Chase Murphy,28,Male,0,-1.0152430286843885,52,data analysis,20,,,,,
Aiden Cooper,22,Male,0,-0.4444361477542153,177,programming,92,,,,,
Zachary Reed,28,Male,0,-1.0152430286843885,181,computer skills,85,,,,,
Madison Flores,28,Female,0,-0.4444361477542153,197,communication,102,,,,,
Ethan Brooks,28,Male,0,-1.0152430286843885,91,computer literature,150,,,,,
Ava Jenkins,22,Female,9,-0.729839588219302,115,confidence,102,,,,,
Lucas Powell,28,Male,0,-0.4444361477542153,173,programming and analytical thinking,154,,,,,
Mia Simmons,28,Male,0,-0.4444361477542153,167,data analysis,138,,,,,
Benjamin Price,22,Female,0,-1.0152430286843885,97,record keeping,143,,,,,
Liam King,28,Male,0,-0.729839588219302,163,sales,142,,,,,
Sophia Griffin,22,Female,0,-0.729839588219302,164,interpersonal skills,143,,,,,
Noah Wood,22,Male,0,-0.729839588219302,177,communication,156,,,,,
Ella Ramirez,28,Female,0,-1.0152430286843885,121,accuracy,85,,,,,
William Simmons,28,Female,0,-1.0152430286843885,117,legal skills,103,,,,,
Olivia Ward,22,Female,0,-0.4444361477542153,10,mathematical skills,75,,,,,
Jacob Stewart,22,Male,0,-1.0152430286843885,83,maths  accounting  observation,85,,,,,
Emily Torres,28,Female,0,-0.729839588219302,101,leadership skills,129,,,,,
Michael Watson,28,Male,0,-1.0152430286843885,10,operating accounting systems,7,,,,,
Grace Bell,22,Male,9,-0.729839588219302,116,oratory and research skills,102,,,,,
Samuel Bailey,22,Female,0,-1.0152430286843885,108,it skills,92,,,,,
Zoe Rivera,35,Female,0,-1.0152430286843885,174,technical skills,82,,,,,
Henry Cooper,22,Female,0,-0.729839588219302,137,cisco networking skills,54,,,,,
Chloe Richardson,28,Female,0,-1.0152430286843885,173,technical skills,78,,,,,
Alexander Cox,22,Female,0,-1.0152430286843885,69,mathematical skills,158,,,,,
Victoria Ward,28,Male,0,-0.729839588219302,54,critical thinking  creativity  attention,154,,,,,
Daniel Foster,22,Female,0,-0.4444361477542153,174,coding skills,157,,,,,
Natalie Henderson,22,Female,0,-0.729839588219302,54,communication,53,,,,,
Matthew Bryant,22,Male,9,-1.0152430286843885,178,coding and market analysis,97,,,,,
Lily Alexander,28,Female,0,-0.4444361477542153,10,accounting skills,54,,,,,
Logan Carter,22,Male,9,-0.4444361477542153,78,creativity,158,,,,,
Amelia Morris,28,Male,0,-1.0152430286843885,63,problem solving  critical thinking,4,,,,,
Jackson Perez,28,Female,0,-0.729839588219302,101,communication and managerial skills,129,,,,,
Avery Hughes,35,Female,0,-1.0152430286843885,155, managerial skills  research skills  listening writing skills  computer skills  marketing skills  story telling creative thinking  interpersonal skills  leadership skills,49,,,,,
Sebastian Flores,28,Female,0,-1.0152430286843885,117,reading,102,,,,,
Harper Hughes,22,Male,9,-1.0152430286843885,64,communication,63,,,,,
Owen Long,28,Female,0,-0.729839588219302,73,social skills,67,,,,,
Scarlett Foster,22,Male,9,-0.729839588219302,63,public relations,125,,,,,
Gabriel Price,28,Female,0,-1.0152430286843885,189,communication skills,98,,,,,
Chase Bennett,28,Female,0,-0.729839588219302,121,understanding,63,,,,,
Samantha Ross,28,Male,0,-0.15903270728912866,155,creativity,134,,,,,
Nathan Rogers,22,Female,9,-1.0152430286843885,117,hardwork,102,,,,,
Aiden Reed,28,Female,0,-1.0152430286843885,63,knowing your strengths and weaknesses,82,,,,,
Sofia Brooks,35,Female,0,-0.4444361477542153,101,public speaking and creativity,7,,,,,
Elijah Coleman,28,Female,9,-1.0152430286843885,1,problem solving,156,,,,,
Ava Henderson,24,Male,0,-0.4444361477542153,56,analytical skills,7,,,,,
Caleb Perry,28,Female,0,-1.0152430286843885,11, mba acca  cpa,8,,,,,
Zoey Patterson,28,Male,9,-0.729839588219302,3,problem solving skills and innovation,37,,,,,
Isaac Bailey,22,Female,0,-0.4444361477542153,64, analytical and critical thinking it,62,,,,,
Evelyn Coleman,28,Male,0,-0.729839588219302,37, problem solving design skills,116,,,,,
Megan Fisher,28,Female,0,-0.729839588219302,4,networking skills and reading skills,102,,,,,
Evan Ramirez,35,Female,4,-1.0152430286843885,156,interpersonal skills  counseling skills  communication skills,168,,,,,
Landon Carter,22,Male,0,-0.4444361477542153,10,computer skills,149,,,,,
Hannah Rivera,22,Male,9,-0.729839588219302,182,persistence,118,,,,,
Connor Brooks,28,Female,0,-1.0152430286843885,155,management skills,169,,,,,
Aaliyah Perry,28,Female,0,-0.4444361477542153,160, program evaluation skills  research skills team work,137,,,,,
Brandon Hayes,28,Male,9,-0.729839588219302,59,computer related skills,172,,,,,
Sydney Coleman,28,Female,0,-1.0152430286843885,202,communication empowerment and leadership skills,168,,,,,
Dylan Bennett,22,Female,0,-1.0152430286843885,172,programing skills,156,,,,,
Avery Sanders,28,Male,9,-0.4444361477542153,200,interpersonal communication,135,,,,,
Chase Morgan,22,Male,9,-1.0152430286843885,106,communication skills,30,,,,,
Sienna Price,22,Male,0,-0.4444361477542153,56,data analysis,158,,,,,
Hunter Patterson,36,Male,0,-1.0152430286843885,155, cinematography critical thinking   photography  interpersonal and negotiation.,168,,,,,
Riley Murphy,28,Male,9,-0.729839588219302,120,drafting documents  research skills  trial advocacy and communication skills,102,,,,,
Madeline Jenkins,22,Female,9,-0.4444361477542153,64,communication skills,63,,,,,
Adrian Collins,28,Female,0,-0.4444361477542153,108,computer,92,,,,,
Sophie Gray,28,Female,9,-1.0152430286843885,134,creativity,114,,,,,
Jordan Long,28,Male,0,-0.729839588219302,93,content creation,82,,,,,
Brianna Foster,22,Female,0,-0.729839588219302,101,"communication 
writing 
research based skills generally",88,,,,,
Zane Powell,28,Male,0,-0.729839588219302,2, adapting skills  problem solving coding skills,57,,,,,
Molly Jenkins,35,Male,0,-1.0152430286843885,76,planning,74,,,,,
Austin Rivera,28,Female,9,-1.0152430286843885,101,practical skills,134,,,,,
Paige Rogers,28,Male,0,-0.4444361477542153,10,analytical,7,,,,,
Cole Barnes,22,Female,0,-1.0152430286843885,155, communication skills programming skills  database,154,,,,,
Leah Butler,22,Female,9,-0.729839588219302,66,"cad 
data analysis",34,,,,,
Carter Brooks,22,Female,0,-1.0152430286843885,199,coding,53,,,,,
Eleanor Morris,28,Female,4,-0.729839588219302,56,computer skills,134,,,,,
Miles Rogers,28,Female,0,-1.0152430286843885,14, aeronautics  computer skills mechanics,40,,,,,
Lucy Howard,22,Female,0,-1.0152430286843885,80,data analysis technical skills excel proficiency,7,,,,,
Hunter Price,35,Male,0,-0.729839588219302,155, adaptability  computer skills interpersonal skills  teamwork  leadership,63,,,,,
Naomi Wright,36,Male,0,-1.0152430286843885,80,financial reporting skills,75,,,,,
Brandon Wood,28,Female,0,-1.0152430286843885,147,interpersonal skills,118,,,,,
Autumn Baker,36,Male,4,-0.729839588219302,83, communication,70,,,,,
Grayson James,22,Male,9,-0.4444361477542153,173,programming,154,,,,,
Mackenzie Perry,22,Female,0,-0.729839588219302,54,technical,154,,,,,
Jason Simmons,22,Male,0,-1.0152430286843885,56,computational skills,40,,,,,
Elena Coleman,28,Female,0,-0.4444361477542153,16,creativity,10,,,,,
Tyler Carter,22,Male,9,-0.4444361477542153,117,networking skills,102,,,,,
Ruby Mitchell,22,Female,0,-1.0152430286843885,175, communication skills programming skills  database,53,,,,,
Declan Adams,28,Female,0,-0.729839588219302,97,leadership skills and communication skills,87,,,,,
Lydia Edwards,22,Female,0,-1.0152430286843885,106,computer skills,92,,,,,
John Doe,28,Male,0,-1.0152430286843885,53, machine learning  data analysis python,53,,,,,
Jane Smith,32,Female,4,0.12637073317595796,172,java  system design' cloud computing,154,,,,,
Bob Johnson,24,Male,0,-0.729839588219302,60,graphic design  ui/ux  adobe creative suite,165,,,,,
Emily Davis,26,Female,0,-0.729839588219302,8, deep learning python  statistics,4,,,,,
Michael Brown,30,Male,4,0.41177417364104457,155, agile project management' communication,133,,,,,
Sarah Wilson,27,Female,0,-0.729839588219302,173, embedded systems  iot c++,66,,,,,
David Lee,35,Male,4,0.12637073317595796,80,sql data warehousing  etl,50,,,,,
Laura Martinez,29,Female,0,-1.0152430286843885,101, seo  social media content writing,58,,,,,
Kevin White,31,Male,0,-0.15903270728912866,48, natural language processing  machine learning python,115,,,,,
Karen Thompson,33,Female,4,0.12637073317595796,48, economics  excel financial analysis,75,,,,,
Richard Anderson,40,Male,6,0.9825810545712178,121,research  python  statistical analysis,145,,,,,
Jessica Taylor,22,Female,0,-0.4444361477542153,195, css html  javascript,78,,,,,
Daniel Moore,26,Male,0,-1.0152430286843885,173, algorithms data structures java,153,,,,,
Olivia Jackson,28,Female,4,-0.729839588219302,181, python  r data visualization,50,,,,,
William Martin,34,Male,4,0.12637073317595796,174, big data  python machine learning,106,,,,,
Sophia Lee,30,Female,0,-0.15903270728912866,41, content creation  seo digital marketing,58,,,,,
James Perez,29,Female,0,-0.729839588219302,80, data mining python  statistics,53,,,,,
Ava Thompson,25,Female,0,-1.0152430286843885,176, net c#  software design,153,,,,,
Henry Gonzalez,31,Male,4,-0.15903270728912866,155,project management  negotiation  risk analysis,133,,,,,
Mia Robinson,27,Female,0,-0.729839588219302,87, prototyping user research  ux design,165,,,,,
Ethan Clark,24,Male,0,-1.0152430286843885,80, data analysis python  sql,50,,,,,
Isabella Rodriguez,28,Female,4,-0.4444361477542153,69, crm marketing strategy  digital marketing,110,,,,,
Liam Lewis,26,Male,0,-0.729839588219302,195, react javascript  node.js,80,,,,,
Chloe Walker,32,Female,4,-1.0152430286843885,8, machine learning  python data science,5,,,,,
Noah Hall,35,Male,0,-1.0152430286843885,47, python network security  linux,46,,,,,
Emma Allen,29,Male,4,-0.4444361477542153,121, data mining python  statistics,144,,,,,
Mason Young,33,Male,0,-1.0152430286843885,69,cloud computing  python  devops,57,,,,,
Harper King,27,Male,0,-0.4444361477542153,60, adobe photoshop  graphic design content creation,82,,,,,
Lucas Wright,31,Male,4,0.12637073317595796,7, tensorflow  deep learning python,55,,,,,
Amelia Scott,26,Female,0,-0.729839588219302,56,sql  data warehousing  r,26,,,,,
Oliver Green,30,Female,4,-0.4444361477542153,173, microservices java  spring,17,,,,,
Grace Baker,24,Female,0,-0.4444361477542153,195, css html  ux  javascript,78,,,,,
Elijah Adams,28,Male,4,-1.0152430286843885,54, python  r machine learning,23,,,,,
Lily Nelson,29,Female,0,-0.729839588219302,93, creativity  adobe illustrator digital illustration,82,,,,,
Benjamin Carter,34,Male,4,0.12637073317595796,83, big data  machine learning python,51,,,,,
Ella Mitchell,27,Female,0,-0.729839588219302,60, seo  social media copywriting,42,,,,,
Sebastian Perez,30,Male,4,0.12637073317595796,48, javascript python  data visualization,50,,,,,
Victoria Roberts,32,Female,0,-1.0152430286843885,83, excel  sql business analysis,26,,,,,
Jack Turner,28,Male,0,-0.4444361477542153,176, automation  data analysis python,13,,,,,
Aria Phillips,25,Male,0,-1.0152430286843885,60,graphic design  ux/ui  adobe xd,165,,,,,
Samuel Campbell,33,Male,4,-0.729839588219302,174, machine learning python  ai,106,,,,,
Zoe Parker,26,Female,0,-1.0152430286843885,60, analytics  seo digital marketing,58,,,,,
Adam Evans,29,Male,4,-0.729839588219302,54, data analysis python  r,75,,,,,
Natalie Edwards,27,Female,0,-1.0152430286843885,60, seo content writing  storytelling,42,,,,,
Aaron Collins,31,Male,0,-0.15903270728912866,132,java;android  ui design,113,,,,,
Scarlett Stewart,28,Female,4,-0.729839588219302,193, interaction design  prototyping ux research,166,,,,,
Isaiah Sanchez,30,Male,0,-1.0152430286843885,47, cybersecurity python  network security,47,,,,,
Nora Morris,25,Female,0,-1.0152430286843885,83,sql  excel  data analysis,50,,,,,
Julian Rogers,33,Female,4,-0.15903270728912866,59,cloud computing  python  devops,38,,,,,
Stella Reed,27,Female,0,-0.4444361477542153,93,graphic design  adobe creative suite  illustration,82,,,,,
Owen Parker,32,Male,0,-0.729839588219302,83, data analysis python  sql,50,,,,,
Chase Murphy,27,Male,0,-1.0152430286843885,173,java;spring;microservices,17,,,,,
Aiden Cooper,30,Male,4,0.12637073317595796,9,python;machine learning;tensorflow,106,,,,,
Zachary Reed,26,Male,0,-0.4444361477542153,195,html;css;javascript,78,,,,,
Madison Flores,29,Female,4,-1.0152430286843885,60,digital marketing;seo;content strategy,58,,,,,
Ethan Brooks,31,Male,0,-0.729839588219302,83,sql;data warehousing;etl,50,,,,,
Ava Jenkins,25,Female,0,-1.0152430286843885,93,graphic design;illustration;adobe illustrator,82,,,,,
Lucas Powell,34,Male,4,-0.15903270728912866,9,python;nlp;deep learning,115,,,,,
Mia Simmons,27,Female,0,-1.0152430286843885,121,research;statistical analysis;r,145,,,,,
Benjamin Price,32,Male,4,-0.729839588219302,69,project management;agile;communication,133,,,,,
Liam King,28,Male,0,-0.729839588219302,21,c++;embedded systems;iot,66,,,,,
Sophia Griffin,29,Female,4,-1.0152430286843885,181,python;data visualization;r,50,,,,,
Noah Wood,30,Male,0,-0.15903270728912866,172,java;algorithms;data structures,153,,,,,
Ella Ramirez,26,Female,0,-0.15903270728912866,193,ux research;prototyping;interaction design,166,,,,,
William Simmons,33,Male,4,0.41177417364104457,54,cloud computing;devops;python,57,,,,,
Olivia Ward,27,Female,0,-1.0152430286843885,60,digital marketing;analytics;seo,58,,,,,
Jacob Stewart,31,Male,0,0.12637073317595796,91,c#;.net;software design,153,,,,,
Emily Torres,29,Female,4,-0.15903270728912866,56,financial analysis;excel;econometrics,75,,,,,
Michael Watson,35,Male,6,-0.15903270728912866,121,research;statistical analysis;python,145,,,,,
Grace Bell,24,Female,0,-1.0152430286843885,195,html;css;javascript;ux,78,,,,,
Samuel Bailey,28,Male,4,-0.729839588219302,54,machine learning;r;python,23,,,,,
Zoe Rivera,29,Female,0,-0.4444361477542153,60,content writing;storytelling;seo,42,,,,,
Henry Cooper,34,Male,4,-0.729839588219302,83,python;big data;machine learning,51,,,,,
Chloe Richardson,27,Female,0,-0.729839588219302,93,digital illustration;adobe illustrator;creativity,82,,,,,
Alexander Cox,30,Male,0,-1.0152430286843885,83,python;data mining;statistics,53,,,,,
Victoria Ward,26,Female,4,-0.4444361477542153,83,business analysis;excel;sql,26,,,,,
Daniel Foster,28,Male,0,-0.729839588219302,176,python;automation;data analysis,13,,,,,
Natalie Henderson,25,Female,0,-1.0152430286843885,41,copywriting;seo;social media,42,,,,,
Matthew Bryant,31,Male,0,0.12637073317595796,132,java;android;ui design,113,,,,,
Lily Alexander,28,Female,4,-0.729839588219302,174,python;machine learning;ai,106,,,,,
Logan Carter,30,Male,0,0.12637073317595796,56,sql;data analysis;excel,50,,,,,
Amelia Morris,27,Female,4,-0.729839588219302,60,marketing strategy;digital marketing;crm,110,,,,,
Jackson Perez,29,Male,0,-0.4444361477542153,196,javascript;react;node.js,80,,,,,
Avery Hughes,32,Male,4,-1.0152430286843885,9,data science;machine learning;python,5,,,,,
Sebastian Flores,35,Male,0,-0.4444361477542153,47,network security;linux;python,46,,,,,
Harper Hughes,29,Male,4,-1.0152430286843885,121,python;statistics;data mining,144,,,,,
Owen Long,33,Male,0,-0.15903270728912866,174,cloud computing;python;devops,38,,,,,
Scarlett Foster,27,Male,0,-0.4444361477542153,93,graphic design;illustration;adobe creative suite,82,,,,,
Gabriel Price,30,Male,4,-0.4444361477542153,83,python;data analysis;sql,50,,,,,
Chase Bennett,28,Male,0,0.12637073317595796,174,java;system design;cloud computing,154,,,,,
Samantha Ross,32,Female,4,-0.729839588219302,9,python;deep learning;statistics,4,,,,,
Nathan Rogers,30,Male,0,-0.729839588219302,69,project management;communication;agile,133,,,,,
Aiden Reed,26,Male,0,-0.15903270728912866,21,c++;embedded systems;iot,66,,,,,
Sofia Brooks,28,Female,4,-0.4444361477542153,83,sql;data warehousing;etl,50,,,,,
Elijah Coleman,35,Male,0,0.9825810545712178,196,html;css;javascript,78,,,,,
Ava Henderson,29,Female,4,-0.4444361477542153,129,digital marketing;seo;content creation,58,,,,,
Caleb Perry,27,Male,0,-0.4444361477542153,176,python;natural language processing;machine learning,115,,,,,
Zoey Patterson,31,Female,4,-0.729839588219302,83,financial analysis;excel;econometrics,75,,,,,
Isaac Bailey,40,Male,6,0.9825810545712178,9,research;statistical analysis;python,145,,,,,
Evelyn Coleman,22,Female,0,-0.729839588219302,196,html;css;javascript,78,,,,,
Megan Fisher,23,Female,4,-1.0152430286843885,54,python;data analysis;machine learning,53,,,,,
Evan Ramirez,24,Male,6,-1.0152430286843885,174,java;system design;cloud computing,154,,,,,
Landon Carter,25,Male,0,-0.729839588219302,60,graphic design;ui/ux;adobe creative suite,165,,,,,
Hannah Rivera,26,Female,4,-0.4444361477542153,63,html;css;javascript,4,,,,,
Connor Brooks,27,Male,6,-0.4444361477542153,69,c++;embedded systems;iot,133,,,,,
Aaliyah Perry,28,Female,0,-0.4444361477542153,83,sql;data warehousing;etl,66,,,,,
Brandon Hayes,29,Male,4,-0.4444361477542153,60,javascript;react;node.js,50,,,,,
Sydney Coleman,30,Female,6,-0.4444361477542153,47,digital marketing;seo;content creation,58,,,,,
Dylan Bennett,31,Male,0,0.12637073317595796,8,project management;agile;communication,115,,,,,
Avery Sanders,32,Male,4,0.12637073317595796,196,python;deep learning;statistics,75,,,,,
Chase Morgan,33,Male,6,-0.15903270728912866,51,financial analysis;excel;econometrics,145,,,,,
Sienna Price,34,Female,0,0.12637073317595796,174,research;statistical analysis;python,78,,,,,
Hunter Patterson,35,Male,4,0.12637073317595796,60,cloud computing;devops;python,153,,,,,
Riley Murphy,36,Male,6,0.41177417364104457,63,java;algorithms;data structures,50,,,,,
Madeline Jenkins,37,Female,0,0.12637073317595796,69,ux research;prototyping;interaction design,106,,,,,
Adrian Collins,38,Male,4,0.41177417364104457,83,copywriting;seo;social media,58,,,,,
Sophie Gray,39,Female,6,-0.729839588219302,60,network security;linux;python,53,,,,,
Jordan Long,40,Male,0,0.41177417364104457,47,c#;.net;software design,153,,,,,
Brianna Foster,41,Male,4,-1.0152430286843885,8,data visualization;python;r,133,,,,,
Zane Powell,22,Female,6,-0.729839588219302,196,machine learning;big data;python,165,,,,,
Molly Jenkins,23,Female,0,-0.4444361477542153,54,python;data analysis;machine learning,50,,,,,
Austin Rivera,24,Male,4,-1.0152430286843885,174,java;system design;cloud computing,110,,,,,
Paige Rogers,25,Female,6,-0.729839588219302,60,graphic design;ui/ux;adobe creative suite,80,,,,,
Cole Barnes,26,Male,0,-0.4444361477542153,8,html;css;javascript,5,,,,,
Leah Butler,27,Female,4,-1.0152430286843885,69,c++;embedded systems;iot,46,,,,,
Carter Brooks,28,Male,6,-0.4444361477542153,83,sql;data warehousing;etl,144,,,,,
Eleanor Morris,29,Female,0,0.12637073317595796,129,javascript;react;node.js,57,,,,,
Miles Rogers,30,Male,4,0.41177417364104457,47,digital marketing;seo;content creation,82,,,,,
Lucy Howard,31,Female,6,-0.4444361477542153,121,project management;agile;communication,55,,,,,
Hunter Price,32,Male,0,-0.729839588219302,196,python;deep learning;statistics,26,,,,,
Naomi Wright,23,Female,4,-0.729839588219302,54,financial analysis;excel;econometrics,17,,,,,
Brandon Wood,34,Male,6,0.41177417364104457,174,research;statistical analysis;python,78,,,,,
Autumn Baker,35,Male,0,-0.4444361477542153,60,cloud computing;devops;python,23,,,,,
Grayson James,36,Female,4,0.41177417364104457,9,java;algorithms;data structures,82,,,,,
Mackenzie Perry,37,Male,6,0.41177417364104457,69,ux research;prototyping;interaction design,51,,,,,
Jason Simmons,38,Male,0,0.6971776141061312,83,copywriting;seo;social media,42,,,,,
Elena Coleman,39,Female,4,0.12637073317595796,60,network security;linux;python,50,,,,,
Tyler Carter,40,Male,6,0.6971776141061312,47,c#;.net;software design,26,,,,,
Ruby Mitchell,41,Female,0,-1.0152430286843885,8,data visualization;python;r,13,,,,,
Declan Adams,22,Male,4,-0.4444361477542153,196,machine learning;big data;python,165,,,,,
Lydia Edwards,23,Female,6,-1.0152430286843885,54,python;data analysis;machine learning,106,,,,,
Eric Hughes,24,Male,0,-0.4444361477542153,174,java;system design;cloud computing,58,,,,,
Melanie Nelson,25,Female,4,-1.0152430286843885,60,graphic design;ui/ux;adobe creative suite,75,,,,,
Julian Wright,26,Female,6,-0.729839588219302,147,html;css;javascript,42,,,,,
Arianna Brooks,27,Female,0,-0.4444361477542153,69,c++;embedded systems;iot,113,,,,,
Cooper Bell,28,Male,4,-0.4444361477542153,83,sql;data warehousing;etl,166,,,,,
Faith Parker,29,Female,6,-1.0152430286843885,101,javascript;react;node.js,47,,,,,
Maximillian Reed,30,Female,0,0.41177417364104457,47,digital marketing;seo;content creation,50,,,,,
Sadie Turner,31,Female,4,-0.15903270728912866,8,project management;agile;communication,38,,,,,
Jaxon Carter,32,Male,6,0.12637073317595796,196,python;deep learning;statistics,82,,,,,
Isabel Rivera,23,Female,0,-1.0152430286843885,54,financial analysis;excel;econometrics,53,,,,,
Carson Flores,24,Male,4,-1.0152430286843885,174,research;statistical analysis;python,154,,,,,
Katherine Collins,25,Female,6,-0.729839588219302,60,cloud computing;devops;python,165,,,,,
Leo Morgan,26,Male,0,-0.4444361477542153,147,java;algorithms;data structures,4,,,,,
Ariella Perry,37,Female,4,0.12637073317595796,155,ux research;prototyping;interaction design,133,,,,,
Ryder Murphy,38,Male,6,0.6971776141061312,83,copywriting;seo;social media,66,,,,,
Elise Bennett,39,Female,0,0.6971776141061312,101,network security;linux;python,50,,,,,
Cameron Reed,40,Male,4,0.9825810545712178,47,c#;.net;software design,58,,,,,
Jasmine Edwards,41,Female,6,0.6971776141061312,121,data visualization;python;r,115,,,,,
Parker Jenkins,22,Male,0,-1.0152430286843885,196,machine learning;big data;python,75,,,,,
Nicole Hughes,23,Female,4,1.8387913759664778,54,python;data analysis;machine learning,145,,,,,
Brady Price,24,Male,6,-1.0152430286843885,174,java;system design;cloud computing,78,,,,,
Clara Ross,25,Female,0,-0.729839588219302,60,graphic design;ui/ux;adobe creative suite,153,,,,,
Silas Murphy,26,Male,4,-0.4444361477542153,182,html;css;javascript,50,,,,,
Paisley Rogers,27,Female,6,0.12637073317595796,155,c++;embedded systems;iot,106,,,,,
Miles Foster,28,Male,0,0.12637073317595796,83,sql;data warehousing;etl,58,,,,,
Jade Wood,29,Male,4,-0.15903270728912866,60,javascript;react;node.js,53,,,,,
Weston Perry,30,Male,6,-0.4444361477542153,47,digital marketing;seo;content creation,153,,,,,
Aubrey Jenkins,31,Male,0,-0.15903270728912866,121,project management;agile;communication,133,,,,,
Harrison Collins,32,Male,4,0.6971776141061312,196,python;deep learning;statistics,165,,,,,
Luna Gray,33,Female,6,-0.15903270728912866,54,financial analysis;excel;econometrics,50,,,,,
Gavin Long,34,Male,0,0.12637073317595796,174,research;statistical analysis;python,110,,,,,
Penelope Foster,35,Female,4,0.12637073317595796,60,cloud computing;devops;python,80,,,,,
Austin Powell,36,Male,6,0.12637073317595796,182,java;algorithms;data structures,5,,,,,
Vivian Butler,37,Female,0,-0.15903270728912866,69,ux research;prototyping;interaction design,46,,,,,
Xavier Barnes,38,Male,4,-0.729839588219302,83,copywriting;seo;social media,144,,,,,
Stella James,39,Female,6,-0.4444361477542153,60,network security;linux;python,57,,,,,
Caden Morgan,40,Male,0,-0.15903270728912866,47,c#;.net;software design,82,,,,,
Maya Ross,41,Female,4,-0.15903270728912866,8,data visualization;python;r,55,,,,,
Jace Reed,22,Male,6,-0.729839588219302,196,machine learning;big data;python,26,,,,,
Kendall Rivera,23,Female,0,-0.4444361477542153,54,python;data analysis;machine learning,17,,,,,
Rylan Perry,24,Male,4,-0.729839588219302,174,java;system design;cloud computing,78,,,,,
Adalyn Jenkins,25,Male,6,-1.0152430286843885,60,graphic design;ui/ux;adobe creative suite,23,,,,,
Zion Collins,26,Male,0,-0.15903270728912866,58,html;css;javascript,82,,,,,
Emery Gray,27,Male,4,0.12637073317595796,69,c++;embedded systems;iot,51,,,,,
Nolan Long,28,Female,6,-0.15903270728912866,79,sql;data warehousing;etl,42,,,,,
Ivy Foster,29,Female,0,-0.4444361477542153,129,javascript;react;node.js,50,,,,,
Tristan Powell,30,Male,4,-0.4444361477542153,47,digital marketing;seo;content creation,26,,,,,
Olivia Butler,31,Female,6,-0.4444361477542153,8,project management;agile;communication,13,,,,,
Damian Barnes,32,Male,0,-0.15903270728912866,196,python;deep learning;statistics,165,,,,,
Sienna James,33,Female,4,0.12637073317595796,54,financial analysis;excel;econometrics,106,,,,,
Jasper Morgan,34,Male,6,-0.15903270728912866,174,research;statistical analysis;python,58,,,,,
Eleanor Ross,35,Female,0,-1.0152430286843885,60,cloud computing;devops;python,75,,,,,
Ezra Reed,36,Male,4,0.12637073317595796,58,java;algorithms;data structures,42,,,,,
Lola Rivera,37,Female,6,-0.4444361477542153,69,ux research;prototyping;interaction design,113,,,,,
Easton Perry,38,Male,0,-0.15903270728912866,83,copywriting;seo;social media,166,,,,,
Aurora Jenkins,39,Female,4,-0.729839588219302,60,network security;linux;python,47,,,,,
Camden Collins,40,Male,6,0.12637073317595796,47,c#;.net;software design,50,,,,,
Hazel Gray,41,Female,0,-0.15903270728912866,121,data visualization;python;r,38,,,,,
Micah Long,22,Male,4,-0.4444361477542153,196,machine learning;big data;python,82,,,,,
Alice,25,Female,0,-0.729839588219302,174, django python  sql,156,,,,,
Bob Johnson,28,Male,4,0.12637073317595796,54, machine learning python  sql,53,,,,,
Charlie,30,Female,6,0.6971776141061312,8, machine learning python  sql,4,,,,,
John Doe,28,Male,1,0.12637073317595796,173, react javascript  sql  node.js,80,,,,,
Alice Smith,25,Female,5,-0.4444361477542153,5, tensorflow  machine learning python,51,,,,,
Michael Lee,32,Male,1,0.9825810545712178,128, digital marketing seo  social media,58,,,,,
Sarah Kim,29,Female,7,0.41177417364104457,165,data analysis  biostatistics  research,23,,,,,
David Chan,27,Male,1,-0.15903270728912866,6, deep learning python  nlp,106,,,,,
Jane Brown,26,Female,1,-0.729839588219302,92, ui/ux design photoshop  illustrator,165,,,,,
Robert Wu,35,Male,1,1.553387935501391,80, financial modeling  excel accounting,63,,,,,
Emma Lopez,23,Female,3,-1.0152430286843885,142, communication  emergency response patient care,121,,,,,
Mark Evans,30,Male,5,0.6971776141061312,45,ethical hacking  encryption  network security,46,,,,,
Olivia Carter,24,Female,0,-0.729839588219302,195, css html  react  javascript,77,,,,,
Daniel Green,31,Male,0,0.9825810545712178,20, plc programming robotics  iot,44,,,,,
Laura Hill,27,Female,5,0.12637073317595796,95, talent management  leadership communication,87,,,,,
John Doe,28,Male,1,0.12637073317595796,173, react javascript  sql  node.js,80,,,,,
Alice Smith,25,Female,5,-0.4444361477542153,5, tensorflow  machine learning python,51,,,,,
Michael Lee,32,Male,1,0.9825810545712178,128, digital marketing seo  social media,58,,,,,
Sarah Kim,29,Female,7,0.41177417364104457,165,data analysis  biostatistics  research,23,,,,,
David Chan,27,Male,1,-0.15903270728912866,6, deep learning python  nlp,106,,,,,
Jane Brown,26,Female,1,-0.729839588219302,92, ui/ux design photoshop  illustrator,165,,,,,
Robert Wu,35,Male,1,1.553387935501391,80, financial modeling  excel accounting,63,,,,,
Emma Lopez,23,Female,3,-1.0152430286843885,142, communication  emergency response patient care,121,,,,,
Mark Evans,30,Male,4,0.6971776141061312,45,ethical hacking  encryption  network security,46,,,,,
Olivia Carter,24,Female,0,-0.729839588219302,195, css html  react  javascript,77,,,,,
Daniel Green,31,Male,1,0.9825810545712178,20, plc programming robotics  iot,44,,,,,
Laura Hill,27,Female,5,0.12637073317595796,95, talent management  leadership communication,87,,,,,
Ryan Adams,29,Male,1,-0.15903270728912866,114, case analysis  public speaking legal research,99,,,,,
Sophia White,26,Female,4,-0.4444361477542153,158,epidemiology  research  policy development,136,,,,,
James Ford,34,Male,1,2.1241948164315643,149, navigation  aircraft maintenance flight control,14,,,,,
Lily Thompson,28,Female,1,0.12637073317595796,77,directing  editing  scriptwriting,72,,,,,
Ethan Wilson,30,Male,0,0.6971776141061312,141, safety drilling  reservoir engineering,123,,,,,
Chloe Baker,25,Female,0,-0.4444361477542153,169,customer relations  sales strategy  negotiation,148,,,,,
Benjamin Ross,27,Male,1,-0.15903270728912866,134,composition  instrument playing  performance,114,,,,,
Natalie Reed,29,Female,5,0.12637073317595796,180,data analysis  probability  r,158,,,,,
Christopher Diaz,33,Male,6,1.553387935501391,138, neurology surgery  research,117,,,,,
Amanda Scott,26,Female,1,-0.4444361477542153,16, structural design cad  urban planning,10,,,,,
Henry Carter,31,Male,1,1.2679844950363044,66,circuit design  automation  power systems,64,,,,,
Victoria Hall,24,Female,0,-0.729839588219302,40,writing  seo  marketing,41,,,,,
Jack Morgan,27,Male,1,-0.15903270728912866,16, language processing translation  research,105,,,,,
Emily Watson,28,Female,5,0.41177417364104457,20,natural language processing  python  ai,115,,,,,
Noah Sanchez,32,Male,1,0.9825810545712178,162, property management market analysis,141,,,,,
Grace Brown,23,Female,3,-1.0152430286843885,140, first aid  communication patient care,31,,,,,
William King,29,Male,1,0.12637073317595796,109, lab work chemical analysis  manufacturing,95,,,,,
Thomas Miller,34,Male,7,1.553387935501391,6, tensorflow  python deep learning,2,,,,,
Mia Johnson,26,Female,0,-0.4444361477542153,193, adobe xd  figma ui/ux,82,,,,,
Lucas Perez,30,Male,1,0.41177417364104457,172, microservices  spring boot java,16,,,,,
Ava Mitchell,25,Female,1,-0.15903270728912866,64, financial analysis market research,63,,,,,
Ethan Clark,28,Male,1,0.41177417364104457,174, pcb design  c++ microcontrollers,66,,,,,
Zoe Hernandez,29,Female,5,0.6971776141061312,165,lab techniques  data analysis  bioinformatics,19,,,,,
Logan Adams,32,Male,1,1.2679844950363044,59, ci/cd  docker  aws kubernetes,57,,,,,
Charlotte Lee,27,Female,0,0.12637073317595796,60, google ads  social media strategy seo,58,,,,,
Mason Brown,26,Male,5,-0.15903270728912866,54, machine learning python  sql,51,,,,,
Lily Thompson,24,Female,1,-0.729839588219302,142, emergency response  pediatrics patient care,121,,,,,
Henry Walker,35,Male,7,2.1241948164315643,20, plc programming robotics  ai,13,,,,,
Ellie Turner,29,Female,1,0.41177417364104457,44,ethical hacking  pen testing  network security,46,,,,,
Dylan Carter,31,Male,1,0.9825810545712178,80,business modeling  data analysis  agile,26,,,,,
Grace Howard,27,Female,0,0.12637073317595796,39,blogging  video editing  writing,41,,,,,
Jackson White,33,Male,5,1.2679844950363044,135, tensorflow  computer vision deep learning,106,,,,,
Natalie Green,28,Female,1,0.41177417364104457,69, urban planning property management,141,,,,,
Oliver Martinez,30,Male,1,0.6971776141061312,66, renewable energy circuit design,64,,,,,
Emily Robinson,25,Female,4,-0.15903270728912866,135,natural language processing  python  ai,115,,,,,
Liam Wilson,31,Male,1,1.2679844950363044,77, cinematography directing  editing,73,,,,,
Scarlett Baker,29,Female,1,0.41177417364104457,63, epidemiology  community health health policy,136,,,,,
Benjamin Allen,30,Male,1,0.6971776141061312,136, network infrastructure cisco  firewall security,116,,,,,
Harper Collins,27,Female,1,-0.15903270728912866,69,sales strategy  negotiation  crm software,147,,,,,
Owen Hughes,34,Male,7,1.8387913759664778,138, patient care  neurology surgery,117,,,,,
Victoria Scott,26,Female,0,0.12637073317595796,27, machine learning  r programming dna sequencing,19,,,,,
Elijah Brooks,32,Male,0,1.2679844950363044,141, refinery operations drilling  reservoir engineering,123,,,,,
Hazel Murphy,25,Female,1,-0.4444361477542153,80, financial analysis tax compliance  accounting,163,,,,,
Carter Reed,30,Male,1,0.6971776141061312,16, structural engineering autocad  urban planning,10,,,,,
Samantha Gray,28,Female,1,0.12637073317595796,149,performance  composition  instrument proficiency,114,,,,,
Daniel Cooper,35,Male,1,2.1241948164315643,149, safety  air traffic control flight navigation,14,,,,,
Sophia Bennett,27,Female,1,0.12637073317595796,80,financial modeling  investment strategies,63,,,,,
Jacob Wright,30,Male,5,0.9825810545712178,173, python  system design java,154,,,,,
Isabella Foster,26,Female,1,-0.15903270728912866,122, editing  seo creative writing,170,,,,,
Matthew Parker,32,Male,7,1.553387935501391,36,structural analysis  autocad  urban planning,35,,,,,
Emily Ross,29,Female,1,0.41177417364104457,154,recruitment  employee relations  hr policies,87,,,,,
Ethan Simmons,31,Male,5,1.2679844950363044,168, machine learning  robotics ai,13,,,,,
Ava Peterson,25,Female,1,-0.4444361477542153,195, branding photoshop  illustrator,82,,,,,
Lucas Henderson,28,Male,1,0.41177417364104457,145, drilling operations reservoir simulation,123,,,,,
Grace Ramirez,30,Female,5,0.9825810545712178,89, react javascript  node.js,80,,,,,
Noah Cooper,29,Male,1,0.41177417364104457,75, editing screenwriting  directing,72,,,,,
Charlotte Morris,24,Female,1,-0.729839588219302,142, emergency response  pediatrics patient care,121,,,,,
Oliver Carter,31,Male,1,1.2679844950363044,0, navigation  aircraft operations flight simulation,14,,,,,
Lily Hughes,27,Female,1,0.12637073317595796,44,pen testing  firewalls  network security,46,,,,,
Jack Mitchell,35,Male,7,2.1241948164315643,64,market research  data analysis,63,,,,,
Zoe Turner,28,Female,1,0.41177417364104457,166, machine learning  r programming dna sequencing,19,,,,,
Henry Collins,30,Male,1,0.6971776141061312,56,business strategy  data analysis  agile,26,,,,,
Madison Scott,25,Female,0,-0.4444361477542153,121, classroom management curriculum design,164,,,,,
Daniel Foster,34,Male,7,1.8387913759664778,6, tensorflow  python deep learning,2,,,,,
Scarlett Murphy,27,Female,1,0.12637073317595796,169,sales strategy  negotiation  crm software,147,,,,,
Carter Brooks,32,Male,5,1.2679844950363044,54, machine learning python  sql,51,,,,,
Natalie Reed,28,Female,1,0.41177417364104457,156, research  cognitive therapy counseling,146,,,,,
Elijah Bennett,30,Male,0,0.6971776141061312,42,plc programming  automation  mechatronics,44,,,,,
Violet Walker,25,Female,1,-0.4444361477542153,71, pollution control  gis sustainability,68,,,,,
Benjamin Turner,31,Male,5,0.9825810545712178,135,natural language processing  python  ai,115,,,,,
Hazel Thompson,26,Female,0,-0.15903270728912866,117, audio engineering  instrumentation sound mixing,114,,,,,
Dylan White,29,Male,1,0.41177417364104457,195, css html  react  javascript,169,,,,,
Ivy Parker,27,Female,1,0.12637073317595796,114, litigation  advocacy legal research,99,,,,,
Sebastian Ross,34,Male,7,1.553387935501391,30,genetic engineering  drug development,23,,,,,
Layla Harris,25,Female,1,-0.4444361477542153,162, market analysis property management,141,,,,,
Julian Adams,31,Male,1,0.6971776141061312,28,medical devices  bioelectronics,21,,,,,
Harper Allen,28,Female,1,0.12637073317595796,60,social media  seo  content strategy,58,,,,,
Oliver Jenkins,32,Male,1,1.2679844950363044,82, investment planning risk analysis,163,,,,,
Ellie Mitchell,26,Female,1,-0.15903270728912866,69,business development  sales  marketing,96,,,,,
William Carter,30,Male,5,0.6971776141061312,66, circuit design power systems,64,,,,,
Camila Bailey,27,Female,1,0.12637073317595796,122, translation  language analysis phonetics,105,,,,,
Mason Rivera,29,Male,1,0.41177417364104457,183, construction mapping  land surveying gis,159,,,,,
Abigail Hughes,31,Female,7,1.2679844950363044,145, lab testing organic chemistry,95,,,,,
Logan Wright,30,Male,1,0.6971776141061312,106, data security  risk management compliance,89,,,,,
Emma Reed,25,Female,0,-0.4444361477542153,157,policy analysis  government regulations,35,,,,,
Amelia Warren,26,Female,1,-0.15903270728912866,40, seo content planning  copywriting,42,,,,,
Nathan Bell,33,Male,4,0.9825810545712178,5, python deep learning  nlp,2,,,,,
Chloe Griffin,24,Female,3,-0.729839588219302,140, first aid  empathy patient care,29,,,,,
Ryan Campbell,29,Male,1,0.41177417364104457,185, sql  troubleshooting systems design,161,,,,,
Nora Edwards,27,Female,1,0.12637073317595796,154, risk management  scrum agile,133,,,,,
Leo Patterson,35,Male,1,1.553387935501391,90, game design  c# unity,169,,,,,
Audrey Simmons,28,Female,1,0.41177417364104457,48,excel  power bi  sql,158,,,,,
Jayden Fisher,30,Male,1,0.6971776141061312,184, server management networking  linux,160,,,,,
Aria Long,26,Female,4,-0.15903270728912866,31,solidity  ethereum  smart contracts,24,,,,,
Xavier Hayes,32,Male,7,1.553387935501391,86, toxicology  lab research dna analysis,76,,,,,
John Doe,28,Male,0,-0.4444361477542153,172, javascript  react python  sql,80,,,,,
Jane Smith,34,Female,4,0.12637073317595796,54, machine learning  r python  sql,53,,,,,
Robert Brown,26,Male,0,-0.729839588219302,192, adobe xd  css figma  html,82,,,,,
Emily Johnson,30,Female,6,0.6971776141061312,9, tensorflow  deep learning python,3,,,,,
Michael Lee,40,Male,4,2.1241948164315643,153,project management  leadership  agile,132,,,,,
Sarah Williams,29,Female,0,-0.15903270728912866,195, css  html javascript  node.js,79,,,,,
David Clark,35,Male,6,1.553387935501391,54,sql  tableau  excel  python,50,,,,,
Olivia Turner,32,Female,4,0.41177417364104457,173, java  cloud computing python  c++,154,,,,,
Brian White,27,Male,0,-0.4444361477542153,92, html  indesign photoshop  illustrator,167,,,,,
Laura Green,33,Female,4,0.9825810545712178,33,sql  project management  excel  power bi,26,,,,,
William Harris,38,Male,4,2.9804051378268244,128, sem  content strategy  seo digital marketing,110,,,,,
Zoe Adams,25,Female,0,-1.0152430286843885,131, kotlin  react native java  swift,113,,,,,
James Wilson,42,Male,0,3.836615459222084,131, cloud tech networking  systems administration,90,,,,,
Isabella Scott,27,Female,0,-0.4444361477542153,39, blogging  wordpress seo  writing,170,,,,,
Daniel Harris,30,Male,4,0.6971776141061312,172, javascript  django python  sql,17,,,,,
Grace Martinez,26,Female,0,-0.729839588219302,154,scrum  microsoft project  leadership  agile,133,,,,,
Daniel Lee,28,Male,6,-0.15903270728912866,5, neural networks  python machine learning,2,,,,,
Nancy Robinson,31,Female,4,1.2679844950363044,54,sql  python  hadoop  spark,51,,,,,
Henry Thompson,36,Male,0,1.8387913759664778,95,hr software  employee relations  communication,84,,,,,
Lily Davis,24,Female,0,-1.0152430286843885,136, python networking  cisco  linux,116,,,,,
Samuel Moore,32,Male,4,0.6971776141061312,54, machine learning  sql python  r,53,,,,,
Ashley Carter,29,Female,0,-0.15903270728912866,61, google analytics  sem  content marketing seo,59,,,,,
Jacob Martinez,27,Male,0,-0.4444361477542153,88, css html  react  javascript,79,,,,,
Amanda Walker,35,Female,6,1.553387935501391,165, python  data analysis biochemistry,145,,,,,
Oliver King,30,Male,0,0.41177417364104457,152, adobe xd ux/ui design  figma  sketch,131,,,,,
Grace Phillips,40,Female,4,2.9804051378268244,94,hr management  recruiting  leadership,83,,,,,
Elijah Carter,26,Male,0,-0.729839588219302,173, algorithms  python java  c++,154,,,,,
Maria White,28,Female,0,-0.4444361477542153,126, content creation  seo social media marketing,109,,,,,
William Johnson,31,Male,4,0.9825810545712178,89, mongodb  react javascript  node.js,80,,,,,
Mia Brown,24,Female,0,-0.729839588219302,104, networking  troubleshooting linux,91,,,,,
Benjamin Lee,34,Male,4,2.1241948164315643,46, ethical hacking  cryptography network security,47,,,,,
Chloe Nelson,29,Female,0,-0.15903270728912866,171, microservices  cloud computing  c# java,152,,,,,
Ethan Clark,38,Male,6,2.6950016973617377,6, tensorflow  machine learning  deep learning python,4,,,,,
Lily Adams,26,Female,0,-0.729839588219302,124,data analysis  excel  seo  google analytics,107,,,,,
Jackson Lewis,33,Male,0,0.9825810545712178,130, matlab cad  solidworks,111,,,,,
Charlotte Hall,30,Female,4,0.6971776141061312,50,sql  data warehousing  hadoop  spark,51,,,,,
Noah King,27,Male,0,-0.4444361477542153,90, game design  c# unity,81,,,,,
Ava Scott,31,Female,4,0.41177417364104457,60,change management  strategy  consulting,60,,,,,
Logan Martinez,39,Male,6,3.265808578291911,6,genetic research  bioinformatics  python,6,,,,,
Lucas Taylor,25,Male,0,-1.0152430286843885,48, tableau  excel python  sql,170,,,,,
Sophia Wilson,28,Female,4,0.12637073317595796,174, selenium  automation qa  python,153,,,,,
Carter Walker,36,Male,4,-0.4444361477542153,80,excel  python  financial modeling,75,,,,,
Isabella Wright,27,Female,0,-0.15903270728912866,195, user testing  html  figma ux research,167,,,,,
James Robinson,30,Male,4,0.6971776141061312,59,aws  azure  networking  cloud security,153,,,,,
Amelia Young,33,Female,0,1.2679844950363044,153, project management  communication  scrum agile,132,,,,,
Henry Thompson,25,Male,10,-0.729839588219302,23,customer service  sales  inventory management,132,,,,,
Susan Green,27,Female,3,-0.15903270728912866,63, medical records  compassion patient care,118,,,,,
Patrick Williams,30,Male,8,0.41177417364104457,176, python  web development java  c++,153,,,,,
Adrian White,35,Male,8,1.553387935501391,97, menu planning culinary arts  food safety,33,,,,,
Rebecca Taylor,23,Female,3,-0.729839588219302,67,customer service  reservation  travel planning,133,,,,,
Benjamin Turner,26,Male,10,-0.15903270728912866,67, safety  troubleshooting electrical wiring,65,,,,,
Noah Thompson,34,Male,8,2.1241948164315643,36,structural design  project management  autocad,34,,,,,
Carla Mitchell,27,Female,3,0.12637073317595796,121, classroom management curriculum planning,128,,,,,
Alex Carter,29,Male,10,-0.4444361477542153,150,risk assessment  security systems  surveillance,127,,,,,
Jasmine Roberts,30,Female,8,0.6971776141061312,114, hr systems recruitment  employee relations,102,,,,,
Samuel Scott,38,Male,8,2.9804051378268244,16, logistics  team leadership inventory control,88,,,,,
Lily Harrison,24,Female,10,-0.729839588219302,63, crm customer service  communication,88,,,,,
Ethan Davis,40,Male,8,3.836615459222084,154,logistics  vehicle maintenance  route planning,43,,,,,
Maria Johnson,33,Female,8,1.2679844950363044,16, sales  negotiation property listings,140,,,,,
Isaac Walker,28,Male,10,-0.729839588219302,16,woodworking  blueprint reading  construction,92,,,,,
Sophia Davis,25,Female,3,-0.4444361477542153,134, textile design  sewing sketching,170,,,,,
William King,29,Male,8,0.41177417364104457,62, analytics brand management  advertising,67,,,,,
Kate Anderson,24,Female,10,-1.0152430286843885,153, cpr fitness coaching  nutrition,140,,,,,
Thomas Lee,34,Male,8,1.553387935501391,16,architectural design  autocad  3d modeling,10,,,,,
Mia Brown,32,Female,3,0.12637073317595796,147, patient testing  diagnostics lab equipment,136,,,,,
Alexander Evans,36,Male,8,2.6950016973617377,127, team leadership  strategy digital marketing,98,,,,,
Naomi Clark,27,Female,10,-0.4444361477542153,159,media relations  writing  crisis management,170,,,,,
Robert Lewis,30,Male,8,0.6971776141061312,173, java  web development python  sql,167,,,,,
Charlotte Phillips,29,Female,10,-0.15903270728912866,113, document drafting  court procedures legal research,41,,,,,
Brian Nakato,28,Male,3,0.12637073317595796,136,networking  troubleshooting  cisco,91,,,,,
Clare Namaganda,25,Female,8,-0.4444361477542153,112,writing  research  interviewing,162,,,,,
Peter Okello,33,Male,8,1.553387935501391,36,autocad  materials testing  site planning,85,,,,,
Sarah Adoch,29,Female,0,0.41177417364104457,54, machine learning python  statistics,26,,,,,
Denis Mugisha,30,Male,3,0.6971776141061312,36, safety inspection  electrical systems mechanics,13,,,,,
Angela Tusiime,26,Female,10,-0.4444361477542153,140, vital signs monitoring first aid  empathy,143,,,,,
Ronald Bwambale,34,Male,8,2.1241948164315643,172, databases html  php,48,,,,,
Brenda Kirabo,27,Female,0,0.12637073317595796,100, legal research advocacy  public speaking,32,,,,,
Isaac Ssekandi,31,Male,3,0.9825810545712178,148, composition  editing lighting,82,,,,,
Fiona Nakato,24,Female,10,-0.729839588219302,74,sewing  styling  fabric cutting,114,,,,,
James Kyobe,36,Male,8,2.6950016973617377,121,research  academic writing  teaching,148,,,,,
Edith Nanyonjo,29,Female,3,0.41177417364104457,35, sanitation food prep  recipe development,33,,,,,
Kenneth Tumusiime,32,Male,0,1.2679844950363044,151, policy writing research  critical thinking,139,,,,,
Grace Nabwire,25,Female,8,-0.4444361477542153,84,customer service  communication  safety briefing,12,,,,,
Joseph Kizza,30,Male,10,0.12637073317595796,73, studio equipment  creativity sound mixing,114,,,,,
Doreen Namusoke,33,Female,3,0.6971776141061312,63, health education  first aid maternal care,118,,,,,
Andrew Lwanga,28,Male,8,0.41177417364104457,16, structural design 3d modelling  cad,169,,,,,
Joan Nakitende,26,Female,10,-0.4444361477542153,150, community policing first aid  law knowledge,127,,,,,
Marvin Musoke,31,Male,0,0.9825810545712178,165, data analysis  reporting lab work,6,,,,,
Hellen Mukasa,35,Female,3,1.553387935501391,10, invoicing budgeting  reporting,133,,,,,
Lucy Nakayiza,27,Female,10,-0.4444361477542153,0,aviation knowledge  communication  leadership,126,,,,,
Joshua Muwonge,29,Male,8,0.41177417364104457,69, leadership  negotiation business planning,148,,,,,
Betty Akello,25,Female,3,-0.15903270728912866,147, safety  microscope handling sample analysis,118,,,,,
Daniel Ouma,31,Male,3,0.6971776141061312,103, systems management  cybersecurity network admin,94,,,,,
Rose Mbabazi,28,Female,8,0.12637073317595796,13, improvisation acting  public speaking,139,,,,,
Simon Obbo,30,Male,10,0.41177417364104457,130, maintenance cad  machinery,33,,,,,
Phiona Kisakye,24,Female,10,-0.729839588219302,133, grooming posing  fashion sense,71,,,,,
Michael Byaruhanga,32,Male,3,1.553387935501391,173, web dev  sql java,47,,,,,
Agnes Nakimera,34,Female,8,2.1241948164315643,23,finance  risk management  client relations,75,,,,,
Allan Katumba,29,Male,10,-0.15903270728912866,110, 3d visualization  creativity space planning,10,,,,,
Ruth Kabanda,26,Female,3,-0.4444361477542153,187, confidence  creativity public speaking,143,,,,,
Samuel Mukiibi,30,Male,8,0.6971776141061312,86, law investigation  research,127,,,,,
Irene Achieng,25,Female,10,-0.4444361477542153,134, composition  stage performance singing,94,,,,,
Robert Akena,33,Male,3,0.9825810545712178,64,data analysis  finance  policy,110,,,,,
Juliet Komugisha,28,Female,10,0.12637073317595796,158, sanitation  field work health education,118,,,,,
Steven Bukenya,35,Male,8,1.553387935501391,149, safety  communication navigation,33,,,,,
Brenda Mirembe,30,Female,3,0.41177417364104457,25,laboratory work  scientific writing  data analysis,100,,,,,
Godfrey Tumwine,31,Male,10,0.6971776141061312,35,emergency response  cpr  teamwork,28,,,,,
Esther Namazzi,27,Female,8,0.12637073317595796,19, editing  research creative writing,100,,,,,
George Kato,36,Male,3,1.8387913759664778,130, safety procedures  diagnostic tools motor repair,33,,,,,
Kevin Ssenyonga,28,Male,3,0.41177417364104457,90, storyboarding creativity  3d modeling,103,,,,,
Lydia Nansubuga,26,Female,10,-0.4444361477542153,74,sewing  fabric matching  customer service,143,,,,,
Fred Kaggwa,35,Male,8,2.1241948164315643,80, financial modeling  excel budgeting,130,,,,,
Ruth Katusabe,30,Female,3,0.6971776141061312,35, time management  plating cooking,133,,,,,
Samuel Omara,32,Male,10,0.12637073317595796,16,drafting  site planning  autocad,65,,,,,
Tracy Nabukenya,25,Female,8,-0.4444361477542153,119, writing  legal research public speaking,0,,,,,
David Owori,34,Male,3,1.2679844950363044,172, css html  javascript,82,,,,,
Brenda Kizza,27,Female,10,-0.15903270728912866,60, analytics seo  social media,52,,,,,
Isaac Oryema,30,Male,8,0.41177417364104457,130,engine maintenance  diagnostics,52,,,,,
Jane Tendo,24,Female,3,-0.729839588219302,70,sampling  research  awareness campaigns,127,,,,,
Mark Musisi,33,Male,10,0.9825810545712178,182, teamwork endurance  agility,136,,,,,
Stella Amuge,29,Female,8,0.41177417364104457,188,directing  media planning  editing,98,,,,,
Andrew Lutaaya,31,Male,2,0.6971776141061312,48,sql  python  excel,160,,,,,
Caroline Namuli,26,Female,10,-0.4444361477542153,182, health education maternal care,118,,,,,
Joseph Lubega,36,Male,8,2.9804051378268244,121, research  instructional design public speaking,170,,,,,
Fatuma Nansamba,28,Female,10,0.12637073317595796,18, painting drawing  illustration,170,,,,,
Patrick Muwanguzi,34,Male,3,1.553387935501391,186, server management networking  troubleshooting,143,,,,,
Annet Mirembe,27,Female,10,-0.15903270728912866,149,decision making  alertness  communication,11,,,,,
John Bosco Kintu,29,Male,8,0.41177417364104457,149, navigation  emergency procedures aviation,111,,,,,
Mary Komuhangi,31,Female,3,1.2679844950363044,138, report writing lab analysis  dna extraction,118,,,,,
John Nabirye,36,Male,3,2.1241948164315643,35,problem solving  data entry  mechanical repair,143,,,,,
Michael Tendo,32,Male,3,2.9804051378268244,80, teamwork  sales public speaking,18,,,,,
Robert Nakato,39,Male,3,1.553387935501391,172, excel public speaking  mechanical repair,88,,,,,
Grace Namuli,35,Female,0,0.6971776141061312,30, customer service problem solving  python  public speaking  mechanical repair,127,,,,,
Michael Kato,35,Male,3,0.12637073317595796,172, time management  excel  creativity communication,118,,,,,
Juliet Nakato,39,Female,3,0.12637073317595796,188, teamwork  data entry creativity,167,,,,,
Stella Akena,25,Female,8,0.12637073317595796,188,problem solving  python  excel,169,,,,,
Stella Nakato,27,Female,3,-0.729839588219302,18, creativity public speaking  customer service,128,,,,,
Joan Ouma,40,Female,8,2.1241948164315643,35, teamwork  sales  problem solving communication,148,,,,,
Samuel Tumusiime,22,Male,0,-0.729839588219302,149,excel  python  data entry,82,,,,,
Ruth Akena,26,Female,10,-0.729839588219302,35,problem solving  creativity  public speaking  mechanical repair,143,,,,,
Samuel Tendo,38,Male,3,2.1241948164315643,112, problem solving teamwork  customer service,143,,,,,
Brenda Akena,28,Female,0,-0.15903270728912866,188, python  sales communication,71,,,,,
Joseph Nakato,26,Male,0,2.1241948164315643,63, time management  python  problem solving communication,127,,,,,
Sarah Tendo,22,Female,0,-0.4444361477542153,188, sales python  mechanical repair,143,,,,,
Michael Mirembe,24,Male,8,-0.4444361477542153,172, time management  data entry python  mechanical repair,169,,,,,
Isaac Lwanga,30,Male,3,-0.15903270728912866,112,data entry  teamwork  mechanical repair  customer service,148,,,,,
Sarah Tumusiime,29,Female,8,1.8387913759664778,130,data entry  customer service  time management  teamwork  problem solving,33,,,,,
Stella Lwanga,28,Female,3,1.553387935501391,74,excel  public speaking  mechanical repair,100,,,,,
David Nabirye,27,Male,8,0.12637073317595796,18, teamwork  data entry creativity,32,,,,,
John Nabirye,30,Male,0,2.9804051378268244,172, teamwork  excel  sales time management,28,,,,,
Joan Ouma,25,Female,0,-0.15903270728912866,68, data entry communication  sales  customer service  problem solving,45,,,,,
David Nabirye,29,Male,8,-0.15903270728912866,130, communication sales  mechanical repair,32,,,,,
Brenda Ouma,24,Female,0,1.8387913759664778,130, sales python  public speaking,143,,,,,
Grace Nabirye,38,Female,10,-0.729839588219302,74,customer service  communication  excel,18,,,,,
Sarah Nakato,31,Female,10,0.12637073317595796,48,data entry  teamwork  communication  excel,45,,,,,
Samuel Namuli,25,Male,8,0.9825810545712178,35, sales time management  public speaking,52,,,,,
Mary Nakato,35,Female,0,1.553387935501391,80, communication time management  sales  excel  public speaking,148,,,,,
Sarah Nabirye,25,Female,3,2.9804051378268244,191, data entry communication  creativity  problem solving  mechanical repair,27,,,,,
Stella Namuli,33,Female,10,-0.15903270728912866,161,problem solving  communication  excel  creativity,169,,,,,
Peter Akena,26,Male,3,2.1241948164315643,172, excel creativity  public speaking,94,,,,,
Joan Namuli,29,Female,10,-0.15903270728912866,48, data entry excel  time management  python  problem solving,85,,,,,
Joan Ouma,33,Female,3,1.553387935501391,20, teamwork  creativity sales  public speaking,128,,,,,
Agnes Tendo,30,Female,8,-0.4444361477542153,35, teamwork  creativity  sales communication,32,,,,,
Agnes Tendo,25,Female,10,-0.15903270728912866,150, problem solving teamwork  customer service,139,,,,,
Andrew Nakato,22,Male,8,0.41177417364104457,80, teamwork customer service  creativity  problem solving,118,,,,,
Peter Tumusiime,27,Male,3,0.12637073317595796,172, data entry excel  creativity  teamwork  mechanical repair,52,,,,,
Juliet Lwanga,35,Female,10,0.12637073317595796,80, python  data entry time management  mechanical repair,18,,,,,
Sarah Tumusiime,38,Female,0,2.9804051378268244,130,data entry  time management  public speaking,52,,,,,
Daniel Ouma,28,Male,3,2.409598256896651,74, communication time management  public speaking,32,,,,,
Sarah Mirembe,24,Female,0,2.9804051378268244,63, data entry excel  customer service  problem solving  mechanical repair,52,,,,,
Michael Mirembe,24,Male,0,2.6950016973617377,80, creativity  excel  problem solving public speaking,28,,,,,
David Lwanga,22,Male,3,0.6971776141061312,191, time management  creativity python  mechanical repair,32,,,,,
Brenda Nakato,27,Female,10,2.6950016973617377,74, creativity mechanical repair  public speaking,100,,,,,
Brenda Nakato,28,Female,3,0.9825810545712178,119, teamwork  excel time management  customer service,100,,,,,
Mary Namuli,24,Female,3,1.8387913759664778,80, data entry  public speaking communication,102,,,,,
Joan Lwanga,34,Female,3,-0.4444361477542153,195, excel creativity  public speaking,82,,,,,
Sarah Nabirye,29,Female,3,2.6950016973617377,188, time management  communication sales,135,,,,,
Isaac Mirembe,26,Male,3,1.8387913759664778,119, excel  sales public speaking  mechanical repair,102,,,,,
Grace Nakato,27,Female,3,2.6950016973617377,48, time management python  mechanical repair,52,,,,,
Daniel Ouma,40,Male,10,-0.729839588219302,48, customer service  python  public speaking communication,143,,,,,
Joan Namuli,33,Female,3,0.9825810545712178,35,problem solving  creativity  communication,148,,,,,
Andrew Tumusiime,38,Male,3,0.12637073317595796,188, sales problem solving  time management  teamwork  mechanical repair,122,,,,,
Esther Mirembe,22,Female,0,-0.15903270728912866,119, teamwork mechanical repair  problem solving  customer service,27,,,,,
Daniel Nakato,36,Male,0,1.8387913759664778,48, time management creativity  mechanical repair,92,,,,,
Isaac Namuli,26,Male,8,-0.4444361477542153,188,problem solving  time management  mechanical repair,143,,,,,
Mary Ouma,25,Female,3,0.12637073317595796,173, creativity  time management problem solving  excel  mechanical repair,128,,,,,
Michael Tendo,22,Male,3,1.553387935501391,119, data entry  python creativity,127,,,,,
John Nakato,36,Male,8,1.8387913759664778,119, teamwork  excel mechanical repair,18,,,,,
Joan Lwanga,30,Female,0,0.41177417364104457,112,data entry  communication  customer service,128,,,,,
Mary Kato,27,Female,3,1.2679844950363044,130, sales  data entry mechanical repair  public speaking,28,,,,,
Joan Tumusiime,25,Female,3,0.12637073317595796,191,data entry  creativity  sales  customer service  public speaking,18,,,,,
Robert Lwanga,28,Male,0,2.6950016973617377,172,communication  sales  problem solving  teamwork  public speaking,28,,,,,
Andrew Kato,37,Male,10,-0.729839588219302,172, problem solving  customer service  teamwork  python mechanical repair,148,,,,,
Brenda Kato,27,Female,10,-0.4444361477542153,119, teamwork problem solving  python  public speaking,104,,,,,
Ruth Namuli,27,Female,8,0.6971776141061312,18,excel  time management  data entry  mechanical repair,143,,,,,
Joseph Namuli,26,Male,0,-0.729839588219302,68,data entry  communication  sales  customer service,143,,,,,
Isaac Nabirye,35,Male,10,-0.15903270728912866,80,time management  creativity  customer service  python  excel,52,,,,,
Stella Namuli,39,Female,0,2.9804051378268244,112, sales  data entry  problem solving public speaking,32,,,,,
Joan Mirembe,38,Female,8,1.553387935501391,119, communication excel  time management  public speaking  mechanical repair,71,,,,,
Mary Akena,24,Female,8,2.409598256896651,119, communication  data entry  teamwork public speaking  mechanical repair,71,,,,,
David Namuli,22,Male,8,1.8387913759664778,188, time management  sales python,139,,,,,
Samuel Ouma,40,Male,10,0.9825810545712178,48,data entry  teamwork  python,45,,,,,
Grace Tendo,30,Female,10,-0.729839588219302,130, customer service  teamwork  python public speaking  mechanical repair,127,,,,,
Stella Kato,32,Female,3,0.9825810545712178,18, customer service  teamwork  creativity communication,143,,,,,
Peter Ouma,29,Male,3,0.6971776141061312,130, data entry  teamwork  python public speaking  mechanical repair,88,,,,,
Mary Kato,32,Female,10,0.41177417364104457,96,problem solving  creativity  excel  python,133,,,,,
Grace Mirembe,31,Female,3,0.6971776141061312,63,sales  customer service  time management  excel  problem solving,100,,,,,
Andrew Namuli,25,Male,10,-0.4444361477542153,74,excel  sales  public speaking  problem solving  mechanical repair,148,,,,,
Juliet Mirembe,40,Female,8,0.6971776141061312,149,excel  sales  customer service  problem solving  mechanical repair,52,,,,,
Brenda Lwanga,30,Female,0,0.9825810545712178,149,customer service  time management  data entry  mechanical repair,32,,,,,
Joan Nabirye,36,Female,0,-0.4444361477542153,80, python mechanical repair  public speaking,111,,,,,
Andrew Ouma,36,Male,8,2.409598256896651,35,sales  customer service  public speaking  python  problem solving,148,,,,,
Peter Akena,25,Male,8,0.12637073317595796,150, teamwork  python  excel mechanical repair,28,,,,,
Samuel Ouma,27,Male,10,2.9804051378268244,48, data entry  sales creativity  teamwork  excel,148,,,,,
Joseph Mirembe,32,Male,0,1.2679844950363044,18, sales python  public speaking,169,,,,,
Brenda Mirembe,26,Female,3,2.6950016973617377,150,problem solving  creativity  excel,45,,,,,
Michael Nabirye,36,Male,8,2.1241948164315643,48,excel  time management  data entry  public speaking,32,,,,,
Stella Tumusiime,27,Female,3,-0.15903270728912866,48, creativity  data entry  public speaking teamwork,32,,,,,
David Kato,32,Male,10,0.9825810545712178,130, creativity  data entry sales  public speaking,118,,,,,
Daniel Ouma,26,Male,0,2.409598256896651,172, communication time management  problem solving,52,,,,,
Peter Namuli,37,Male,8,1.553387935501391,35, communication data entry  customer service  time management  excel,128,,,,,
Sarah Mirembe,34,Female,10,2.9804051378268244,35, excel public speaking  customer service,128,,,,,
David Tumusiime,29,Male,0,2.409598256896651,119, data entry time management  sales  teamwork  public speaking,71,,,,,
Samuel Mirembe,31,Male,3,-0.15903270728912866,74,customer service  creativity  problem solving  python  public speaking,143,,,,,
Robert Kato,24,Male,3,1.8387913759664778,191, creativity  sales mechanical repair  python,71,,,,,
Samuel Akena,39,Male,0,1.2679844950363044,35,problem solving  communication  customer service,128,,,,,
Brenda Kato,37,Female,10,2.6950016973617377,63, communication time management  sales  excel  problem solving,111,,,,,
Daniel Tendo,22,Male,8,0.12637073317595796,119, python  sales teamwork,45,,,,,
Mary Kato,34,Female,8,0.12637073317595796,74, teamwork  data entry public speaking,114,,,,,
